datetime,dewpoint_2m_temperature
2015-01-01,274.7988586425781
2015-01-02,276.6718444824219
2015-01-03,277.6477966308594
2015-01-04,276.2173767089844
2015-01-05,279.567138671875
2015-01-06,276.0624084472656
2015-01-07,277.950927734375
2015-01-08,277.7287292480469
2015-01-09,279.1039123535156
2015-01-10,274.90966796875
2015-01-11,272.6735534667969
2015-01-12,279.7291564941406
2015-01-13,275.887939453125
2015-01-14,276.5765075683594
2015-01-15,276.3161315917969
2015-01-16,279.1434020996094
2015-01-17,279.4989929199219
2015-01-18,279.6538391113281
2015-01-19,275.8561706542969
2015-01-20,274.2691650390625
2015-01-21,275.7146911621094
2015-01-22,276.2522888183594
2015-01-23,277.1315002441406
2015-01-24,277.8326416015625
2015-01-25,275.9183349609375
2015-01-26,277.9714050292969
2015-01-27,278.5406799316406
2015-01-28,278.61663818359375
2015-01-29,277.7665100097656
2015-01-30,278.6305236816406
2015-01-31,280.7372741699219
2015-02-01,274.8064270019531
2015-02-02,274.6354675292969
2015-02-03,274.0585632324219
2015-02-04,273.3627014160156
2015-02-05,272.1153869628906
2015-02-06,271.973388671875
2015-02-07,272.0365295410156
2015-02-08,274.6163024902344
2015-02-09,274.7482604980469
2015-02-10,274.5725402832031
2015-02-11,274.65966796875
2015-02-12,277.0847473144531
2015-02-13,280.33782958984375
2015-02-14,279.32025146484375
2015-02-15,278.60345458984375
2015-02-16,278.4390563964844
2015-02-17,278.0732116699219
2015-02-18,279.041748046875
2015-02-19,280.8780212402344
2015-02-20,278.53558349609375
2015-02-21,281.7547302246094
2015-02-22,279.0033874511719
2015-02-23,278.07598876953125
2015-02-24,278.3306579589844
2015-02-25,277.2731018066406
2015-02-26,280.4068603515625
2015-02-27,278.4925231933594
2015-02-28,279.9774475097656
2015-03-01,278.1549377441406
2015-03-02,280.7315979003906
2015-03-03,282.84429931640625
2015-03-04,283.6467590332031
2015-03-05,276.9815979003906
2015-03-06,275.3576354980469
2015-03-07,274.9281921386719
2015-03-08,277.43060302734375
2015-03-09,279.3405456542969
2015-03-10,278.3987121582031
2015-03-11,278.64398193359375
2015-03-12,278.3889465332031
2015-03-13,278.6043701171875
2015-03-14,278.7671813964844
2015-03-15,281.4579162597656
2015-03-16,282.6349792480469
2015-03-17,279.46844482421875
2015-03-18,279.3712463378906
2015-03-19,281.1130676269531
2015-03-20,282.15478515625
2015-03-21,284.18255615234375
2015-03-22,282.3424987792969
2015-03-23,282.3813781738281
2015-03-24,284.0222473144531
2015-03-25,282.3318786621094
2015-03-26,281.7800598144531
2015-03-27,278.7776184082031
2015-03-28,279.6528625488281
2015-03-29,281.6579284667969
2015-03-30,280.5306396484375
2015-03-31,282.6971435546875
2015-04-01,280.9398498535156
2015-04-02,279.4366455078125
2015-04-03,279.19549560546875
2015-04-04,281.42083740234375
2015-04-05,280.5130310058594
2015-04-06,279.2345275878906
2015-04-07,275.0594482421875
2015-04-08,274.15618896484375
2015-04-09,275.1018371582031
2015-04-10,276.7975769042969
2015-04-11,276.0048828125
2015-04-12,276.3981628417969
2015-04-13,280.5238952636719
2015-04-14,277.9029235839844
2015-04-15,278.9554748535156
2015-04-16,276.8466491699219
2015-04-17,278.6122741699219
2015-04-18,281.6162414550781
2015-04-19,282.9687194824219
2015-04-20,283.1933288574219
2015-04-21,282.13372802734375
2015-04-22,280.46759033203125
2015-04-23,284.2843322753906
2015-04-24,284.6875915527344
2015-04-25,283.3309631347656
2015-04-26,283.53131103515625
2015-04-27,283.0180969238281
2015-04-28,280.5563659667969
2015-04-29,282.0938415527344
2015-04-30,281.7042541503906
2015-05-01,281.2398681640625
2015-05-02,282.1923522949219
2015-05-03,281.2582702636719
2015-05-04,283.1343994140625
2015-05-05,281.4999694824219
2015-05-06,283.3878479003906
2015-05-07,284.34423828125
2015-05-08,285.09716796875
2015-05-09,283.7249450683594
2015-05-10,283.2610778808594
2015-05-11,279.5762023925781
2015-05-12,280.8179016113281
2015-05-13,277.1565246582031
2015-05-14,276.82952880859375
2015-05-15,278.6665954589844
2015-05-16,281.9220275878906
2015-05-17,284.1578063964844
2015-05-18,286.6107482910156
2015-05-19,281.2764587402344
2015-05-20,283.083251953125
2015-05-21,283.85491943359375
2015-05-22,279.7575378417969
2015-05-23,279.51763916015625
2015-05-24,280.5713806152344
2015-05-25,283.1217346191406
2015-05-26,284.3272705078125
2015-05-27,282.0440673828125
2015-05-28,280.5162353515625
2015-05-29,283.2101745605469
2015-05-30,286.0223693847656
2015-05-31,286.80413818359375
2015-06-01,283.0591735839844
2015-06-02,281.78436279296875
2015-06-03,282.7774658203125
2015-06-04,281.4668273925781
2015-06-05,282.44757080078125
2015-06-06,282.1651306152344
2015-06-07,286.2378234863281
2015-06-08,285.3697204589844
2015-06-09,285.67303466796875
2015-06-10,287.8815612792969
2015-06-11,288.0678405761719
2015-06-12,286.9540100097656
2015-06-13,289.1706848144531
2015-06-14,286.0779724121094
2015-06-15,287.0008544921875
2015-06-16,288.93890380859375
2015-06-17,286.2767028808594
2015-06-18,285.5961608886719
2015-06-19,285.1815490722656
2015-06-20,284.646728515625
2015-06-21,284.9713134765625
2015-06-22,283.23760986328125
2015-06-23,284.7702331542969
2015-06-24,286.6627197265625
2015-06-25,287.2478332519531
2015-06-26,286.58001708984375
2015-06-27,281.33416748046875
2015-06-28,280.6282653808594
2015-06-29,282.6098937988281
2015-06-30,285.4588317871094
2015-07-01,286.1379699707031
2015-07-02,285.9136657714844
2015-07-03,286.3100891113281
2015-07-04,286.6852111816406
2015-07-05,286.7834167480469
2015-07-06,284.0916442871094
2015-07-07,283.5753479003906
2015-07-08,285.0209045410156
2015-07-09,287.13018798828125
2015-07-10,287.9032287597656
2015-07-11,288.40008544921875
2015-07-12,288.92041015625
2015-07-13,287.9469909667969
2015-07-14,285.8523864746094
2015-07-15,286.01275634765625
2015-07-16,288.00701904296875
2015-07-17,288.1706237792969
2015-07-18,285.706298828125
2015-07-19,284.8842468261719
2015-07-20,289.1130676269531
2015-07-21,287.7091979980469
2015-07-22,288.7397155761719
2015-07-23,287.5911560058594
2015-07-24,288.6289978027344
2015-07-25,288.0863952636719
2015-07-26,288.8040771484375
2015-07-27,287.4737854003906
2015-07-28,286.5224914550781
2015-07-29,287.9911193847656
2015-07-30,286.1597900390625
2015-07-31,285.8306884765625
2015-08-01,287.012939453125
2015-08-02,286.7200622558594
2015-08-03,290.1295471191406
2015-08-04,287.2019958496094
2015-08-05,285.96612548828125
2015-08-06,287.3421325683594
2015-08-07,287.5199279785156
2015-08-08,289.2367858886719
2015-08-09,289.70245361328125
2015-08-10,291.9882507324219
2015-08-11,290.0960998535156
2015-08-12,289.74053955078125
2015-08-13,289.065673828125
2015-08-14,287.5154113769531
2015-08-15,287.3966369628906
2015-08-16,290.0643615722656
2015-08-17,288.1220397949219
2015-08-18,291.496337890625
2015-08-19,292.5691223144531
2015-08-20,288.7721862792969
2015-08-21,287.1867980957031
2015-08-22,289.7863464355469
2015-08-23,290.7906188964844
2015-08-24,289.8213806152344
2015-08-25,291.2806091308594
2015-08-26,292.6019592285156
2015-08-27,292.4606018066406
2015-08-28,292.5830993652344
2015-08-29,290.787353515625
2015-08-30,285.6024475097656
2015-08-31,282.75518798828125
2015-09-01,286.20440673828125
2015-09-02,288.3858642578125
2015-09-03,289.19586181640625
2015-09-04,287.7059631347656
2015-09-05,291.8229675292969
2015-09-06,292.2618713378906
2015-09-07,290.6084899902344
2015-09-08,290.5177917480469
2015-09-09,289.76025390625
2015-09-10,287.8499450683594
2015-09-11,288.31817626953125
2015-09-12,290.24658203125
2015-09-13,290.96246337890625
2015-09-14,289.13226318359375
2015-09-15,288.6471252441406
2015-09-16,285.8048400878906
2015-09-17,287.9503479003906
2015-09-18,288.74591064453125
2015-09-19,291.5797119140625
2015-09-20,287.5260314941406
2015-09-21,286.2053527832031
2015-09-22,282.5612487792969
2015-09-23,282.5912170410156
2015-09-24,286.0218811035156
2015-09-25,285.1311950683594
2015-09-26,285.7031555175781
2015-09-27,286.5475158691406
2015-09-28,287.1304016113281
2015-09-29,285.9176940917969
2015-09-30,287.8371887207031
2015-10-01,286.0270690917969
2015-10-02,283.8591613769531
2015-10-03,285.2548522949219
2015-10-04,285.3875427246094
2015-10-05,284.94158935546875
2015-10-06,287.4172668457031
2015-10-07,287.9345703125
2015-10-08,290.19439697265625
2015-10-09,290.0274353027344
2015-10-10,286.0550537109375
2015-10-11,284.64825439453125
2015-10-12,283.2260437011719
2015-10-13,282.4838562011719
2015-10-14,286.4955139160156
2015-10-15,289.2537841796875
2015-10-16,285.32073974609375
2015-10-17,286.1065673828125
2015-10-18,283.6167297363281
2015-10-19,283.3408508300781
2015-10-20,288.0957946777344
2015-10-21,288.0995178222656
2015-10-22,284.6413269042969
2015-10-23,283.4730529785156
2015-10-24,282.79180908203125
2015-10-25,283.3291015625
2015-10-26,283.2007141113281
2015-10-27,285.4278259277344
2015-10-28,285.0340576171875
2015-10-29,286.6577453613281
2015-10-30,284.7610168457031
2015-10-31,285.7635192871094
2015-11-01,286.739501953125
2015-11-02,286.4609680175781
2015-11-03,286.3050842285156
2015-11-04,285.9929504394531
2015-11-05,287.6082763671875
2015-11-06,285.9312744140625
2015-11-07,284.9922790527344
2015-11-08,284.049072265625
2015-11-09,282.1797790527344
2015-11-10,284.00372314453125
2015-11-11,285.2799377441406
2015-11-12,283.9031066894531
2015-11-13,284.0218505859375
2015-11-14,285.6700439453125
2015-11-15,284.0489196777344
2015-11-16,282.8135681152344
2015-11-17,283.9411315917969
2015-11-18,283.7699890136719
2015-11-19,284.7186584472656
2015-11-20,285.234619140625
2015-11-21,278.65155029296875
2015-11-22,280.73095703125
2015-11-23,280.8670959472656
2015-11-24,281.0617370605469
2015-11-25,278.38824462890625
2015-11-26,279.63421630859375
2015-11-27,278.4898986816406
2015-11-28,278.46905517578125
2015-11-29,279.95159912109375
2015-11-30,281.3044738769531
2015-12-01,277.3799133300781
2015-12-02,274.8281555175781
2015-12-03,276.9111022949219
2015-12-04,280.6145935058594
2015-12-05,281.7776794433594
2015-12-06,283.4541320800781
2015-12-07,279.5159912109375
2015-12-08,277.7709655761719
2015-12-09,279.4352722167969
2015-12-10,280.5716247558594
2015-12-11,278.6681213378906
2015-12-12,274.55633544921875
2015-12-13,272.5126953125
2015-12-14,276.8923034667969
2015-12-15,280.8631896972656
2015-12-16,279.5956726074219
2015-12-17,282.2371520996094
2015-12-18,280.4783630371094
2015-12-19,278.5779724121094
2015-12-20,279.6333923339844
2015-12-21,281.3948669433594
2015-12-22,282.2727966308594
2015-12-23,279.8067932128906
2015-12-24,279.1449279785156
2015-12-25,277.5606689453125
2015-12-26,277.1226501464844
2015-12-27,279.1052551269531
2015-12-28,279.4817810058594
2015-12-29,277.0305480957031
2015-12-30,281.0799255371094
2015-12-31,281.909912109375
2016-01-01,281.7657165527344
2016-01-02,279.0404357910156
2016-01-03,279.9954833984375
2016-01-04,281.8277893066406
2016-01-05,281.9610900878906
2016-01-06,279.53240966796875
2016-01-07,277.7403259277344
2016-01-08,278.893310546875
2016-01-09,279.00067138671875
2016-01-10,278.4714660644531
2016-01-11,277.072509765625
2016-01-12,280.39727783203125
2016-01-13,278.5372619628906
2016-01-14,276.4281311035156
2016-01-15,279.3043212890625
2016-01-16,276.1032409667969
2016-01-17,276.9237365722656
2016-01-18,276.79718017578125
2016-01-19,276.1080017089844
2016-01-20,277.421875
2016-01-21,277.5487976074219
2016-01-22,279.5668640136719
2016-01-23,280.4026184082031
2016-01-24,281.01702880859375
2016-01-25,276.715576171875
2016-01-26,276.6540222167969
2016-01-27,277.7096252441406
2016-01-28,278.4211730957031
2016-01-29,277.4403076171875
2016-01-30,277.7053527832031
2016-01-31,280.0795593261719
2016-02-01,281.5099792480469
2016-02-02,280.9097900390625
2016-02-03,279.9706726074219
2016-02-04,277.06048583984375
2016-02-05,278.1554260253906
2016-02-06,275.62921142578125
2016-02-07,276.5376892089844
2016-02-08,279.218017578125
2016-02-09,278.2806701660156
2016-02-10,279.3421630859375
2016-02-11,282.58111572265625
2016-02-12,282.9719543457031
2016-02-13,283.5970458984375
2016-02-14,285.2138671875
2016-02-15,277.5132751464844
2016-02-16,278.7380065917969
2016-02-17,278.6756591796875
2016-02-18,276.3767395019531
2016-02-19,275.8848571777344
2016-02-20,277.58099365234375
2016-02-21,277.7292785644531
2016-02-22,276.50146484375
2016-02-23,278.3810729980469
2016-02-24,279.8106689453125
2016-02-25,277.38885498046875
2016-02-26,278.1893005371094
2016-02-27,274.1645812988281
2016-02-28,277.3848571777344
2016-02-29,274.1205749511719
2016-03-01,276.5583190917969
2016-03-02,278.3658142089844
2016-03-03,275.80084228515625
2016-03-04,276.9959411621094
2016-03-05,276.6030578613281
2016-03-06,278.7305603027344
2016-03-07,274.3428039550781
2016-03-08,275.6763610839844
2016-03-09,276.5732116699219
2016-03-10,276.8460388183594
2016-03-11,278.9280090332031
2016-03-12,280.7651672363281
2016-03-13,280.2287292480469
2016-03-14,278.466552734375
2016-03-15,278.9358825683594
2016-03-16,279.3204040527344
2016-03-17,279.5535583496094
2016-03-18,278.4837341308594
2016-03-19,280.6903991699219
2016-03-20,277.6349792480469
2016-03-21,281.1675720214844
2016-03-22,280.31219482421875
2016-03-23,280.0176086425781
2016-03-24,278.2571716308594
2016-03-25,278.6689453125
2016-03-26,279.9785461425781
2016-03-27,280.1764831542969
2016-03-28,280.8498229980469
2016-03-29,281.5765075683594
2016-03-30,277.36273193359375
2016-03-31,273.2445983886719
2016-04-01,281.5676574707031
2016-04-02,285.5222473144531
2016-04-03,284.2460021972656
2016-04-04,280.8318786621094
2016-04-05,283.9791564941406
2016-04-06,284.9368591308594
2016-04-07,284.1250915527344
2016-04-08,281.557373046875
2016-04-09,279.2818298339844
2016-04-10,277.7417907714844
2016-04-11,280.45648193359375
2016-04-12,276.7408447265625
2016-04-13,280.24169921875
2016-04-14,280.4318542480469
2016-04-15,281.26953125
2016-04-16,280.9256286621094
2016-04-17,283.683837890625
2016-04-18,283.2698669433594
2016-04-19,282.3929443359375
2016-04-20,281.9103088378906
2016-04-21,283.23931884765625
2016-04-22,282.3293762207031
2016-04-23,283.9567565917969
2016-04-24,282.2489318847656
2016-04-25,279.93988037109375
2016-04-26,279.4162292480469
2016-04-27,282.5962219238281
2016-04-28,283.8448181152344
2016-04-29,283.9441833496094
2016-04-30,283.4335632324219
2016-05-01,281.7867736816406
2016-05-02,278.6424865722656
2016-05-03,279.8497009277344
2016-05-04,276.5462646484375
2016-05-05,280.90106201171875
2016-05-06,285.7593688964844
2016-05-07,286.9881286621094
2016-05-08,286.3946228027344
2016-05-09,286.8135070800781
2016-05-10,287.5507507324219
2016-05-11,287.0638427734375
2016-05-12,283.5444641113281
2016-05-13,282.4637756347656
2016-05-14,282.1546325683594
2016-05-15,282.6983947753906
2016-05-16,283.0213317871094
2016-05-17,283.9985656738281
2016-05-18,285.0255432128906
2016-05-19,285.251953125
2016-05-20,282.25042724609375
2016-05-21,281.58270263671875
2016-05-22,280.89697265625
2016-05-23,282.327880859375
2016-05-24,281.17999267578125
2016-05-25,282.3315124511719
2016-05-26,284.01806640625
2016-05-27,284.2485046386719
2016-05-28,288.89691162109375
2016-05-29,284.1426696777344
2016-05-30,281.66668701171875
2016-05-31,283.49627685546875
2016-06-01,286.9920349121094
2016-06-02,285.1968078613281
2016-06-03,285.5184020996094
2016-06-04,287.6449279785156
2016-06-05,287.63616943359375
2016-06-06,286.42413330078125
2016-06-07,284.5910949707031
2016-06-08,284.0816345214844
2016-06-09,282.4039611816406
2016-06-10,281.9181213378906
2016-06-11,287.1440124511719
2016-06-12,287.5475769042969
2016-06-13,286.5794677734375
2016-06-14,285.7549743652344
2016-06-15,286.3810119628906
2016-06-16,286.85382080078125
2016-06-17,286.960693359375
2016-06-18,285.3938903808594
2016-06-19,285.2718200683594
2016-06-20,284.49853515625
2016-06-21,285.9429016113281
2016-06-22,284.7004699707031
2016-06-23,284.45330810546875
2016-06-24,285.5032653808594
2016-06-25,282.9671630859375
2016-06-26,282.1769104003906
2016-06-27,286.1805419921875
2016-06-28,284.1177062988281
2016-06-29,285.88525390625
2016-06-30,285.9283142089844
2016-07-01,290.6047058105469
2016-07-02,287.5230407714844
2016-07-03,286.23028564453125
2016-07-04,285.1736755371094
2016-07-05,287.5057373046875
2016-07-06,289.9191589355469
2016-07-07,283.7093200683594
2016-07-08,283.5812072753906
2016-07-09,285.4119567871094
2016-07-10,285.9661560058594
2016-07-11,288.0130310058594
2016-07-12,290.8960266113281
2016-07-13,290.9078063964844
2016-07-14,286.7502746582031
2016-07-15,284.7152404785156
2016-07-16,283.4798278808594
2016-07-17,284.1173400878906
2016-07-18,283.4566955566406
2016-07-19,283.17047119140625
2016-07-20,282.01422119140625
2016-07-21,281.3020935058594
2016-07-22,281.34197998046875
2016-07-23,283.3081359863281
2016-07-24,289.5508117675781
2016-07-25,288.1551513671875
2016-07-26,288.6755676269531
2016-07-27,286.0432434082031
2016-07-28,283.6259765625
2016-07-29,283.5635986328125
2016-07-30,285.4457702636719
2016-07-31,283.3570861816406
2016-08-01,284.6786193847656
2016-08-02,287.15960693359375
2016-08-03,285.2571716308594
2016-08-04,284.7317199707031
2016-08-05,287.1452941894531
2016-08-06,288.0636901855469
2016-08-07,287.7544860839844
2016-08-08,288.087158203125
2016-08-09,285.9170227050781
2016-08-10,288.9393615722656
2016-08-11,286.9635925292969
2016-08-12,284.9101867675781
2016-08-13,285.9913024902344
2016-08-14,285.8402404785156
2016-08-15,288.528076171875
2016-08-16,289.05133056640625
2016-08-17,290.2495422363281
2016-08-18,286.01910400390625
2016-08-19,285.7311706542969
2016-08-20,285.9316711425781
2016-08-21,288.1795959472656
2016-08-22,288.315673828125
2016-08-23,287.7812805175781
2016-08-24,287.94354248046875
2016-08-25,288.2349853515625
2016-08-26,287.9686584472656
2016-08-27,289.0065612792969
2016-08-28,289.6830749511719
2016-08-29,289.22418212890625
2016-08-30,288.0438537597656
2016-08-31,291.3562316894531
2016-09-01,289.2019348144531
2016-09-02,289.4549255371094
2016-09-03,287.9790344238281
2016-09-04,284.2807922363281
2016-09-05,281.5447692871094
2016-09-06,287.3394775390625
2016-09-07,288.4517517089844
2016-09-08,288.6593017578125
2016-09-09,288.9917297363281
2016-09-10,288.3013610839844
2016-09-11,288.9596252441406
2016-09-12,288.1283874511719
2016-09-13,289.7645568847656
2016-09-14,289.38140869140625
2016-09-15,290.6323547363281
2016-09-16,291.2607727050781
2016-09-17,289.4392395019531
2016-09-18,288.8177795410156
2016-09-19,287.3844299316406
2016-09-20,286.2432556152344
2016-09-21,286.4588928222656
2016-09-22,285.295166015625
2016-09-23,290.5206604003906
2016-09-24,287.9590759277344
2016-09-25,289.1712951660156
2016-09-26,288.452392578125
2016-09-27,287.95654296875
2016-09-28,288.36065673828125
2016-09-29,289.7297668457031
2016-09-30,291.1531066894531
2016-10-01,291.5998229980469
2016-10-02,289.9996337890625
2016-10-03,292.1631774902344
2016-10-04,291.1788024902344
2016-10-05,288.9369201660156
2016-10-06,289.53509521484375
2016-10-07,288.5975646972656
2016-10-08,288.4524230957031
2016-10-09,287.0072021484375
2016-10-10,287.6964416503906
2016-10-11,285.22894287109375
2016-10-12,287.98565673828125
2016-10-13,288.9939270019531
2016-10-14,286.4982604980469
2016-10-15,287.4754638671875
2016-10-16,286.42266845703125
2016-10-17,286.2881774902344
2016-10-18,284.97308349609375
2016-10-19,286.67218017578125
2016-10-20,288.2605285644531
2016-10-21,287.1221008300781
2016-10-22,288.80767822265625
2016-10-23,288.9195556640625
2016-10-24,286.5245056152344
2016-10-25,285.8761291503906
2016-10-26,281.6658020019531
2016-10-27,285.666748046875
2016-10-28,285.1870422363281
2016-10-29,282.9565124511719
2016-10-30,282.0460205078125
2016-10-31,283.434326171875
2016-11-01,283.6763000488281
2016-11-02,280.9266662597656
2016-11-03,282.0113220214844
2016-11-04,279.99896240234375
2016-11-05,277.5973815917969
2016-11-06,277.4472351074219
2016-11-07,286.3078918457031
2016-11-08,281.5439758300781
2016-11-09,279.0731506347656
2016-11-10,282.9670104980469
2016-11-11,281.1849670410156
2016-11-12,282.7213134765625
2016-11-13,281.2117004394531
2016-11-14,280.2939147949219
2016-11-15,285.1215515136719
2016-11-16,284.9324645996094
2016-11-17,285.3991394042969
2016-11-18,285.402099609375
2016-11-19,285.1357727050781
2016-11-20,285.20721435546875
2016-11-21,283.24896240234375
2016-11-22,279.83087158203125
2016-11-23,283.1690979003906
2016-11-24,285.5091247558594
2016-11-25,281.4829406738281
2016-11-26,278.7718505859375
2016-11-27,277.78857421875
2016-11-28,278.6019592285156
2016-11-29,281.7578125
2016-11-30,279.2428283691406
2016-12-01,275.8155212402344
2016-12-02,276.7514343261719
2016-12-03,279.6112976074219
2016-12-04,279.15594482421875
2016-12-05,282.4385681152344
2016-12-06,283.5823669433594
2016-12-07,284.2928161621094
2016-12-08,286.4671325683594
2016-12-09,286.2064208984375
2016-12-10,282.5916442871094
2016-12-11,278.9614562988281
2016-12-12,280.69482421875
2016-12-13,282.5740051269531
2016-12-14,281.4150085449219
2016-12-15,281.0071716308594
2016-12-16,283.3029479980469
2016-12-17,282.8573913574219
2016-12-18,284.87738037109375
2016-12-19,284.2566223144531
2016-12-20,278.469970703125
2016-12-21,281.0522766113281
2016-12-22,283.3553161621094
2016-12-23,283.2504577636719
2016-12-24,283.1725158691406
2016-12-25,282.5204162597656
2016-12-26,283.023193359375
2016-12-27,281.2756652832031
2016-12-28,281.35205078125
2016-12-29,280.5159606933594
2016-12-30,276.8663635253906
2016-12-31,275.7860107421875
2017-01-01,274.3429260253906
2017-01-02,274.4887390136719
2017-01-03,273.4123840332031
2017-01-04,279.6655578613281
2017-01-05,279.2220153808594
2017-01-06,273.2839050292969
2017-01-07,274.8004455566406
2017-01-08,278.23626708984375
2017-01-09,277.4291687011719
2017-01-10,275.5914001464844
2017-01-11,278.652099609375
2017-01-12,277.41070556640625
2017-01-13,275.9406433105469
2017-01-14,277.18353271484375
2017-01-15,274.1035461425781
2017-01-16,274.6260070800781
2017-01-17,273.4065246582031
2017-01-18,273.7524108886719
2017-01-19,274.26556396484375
2017-01-20,279.3282165527344
2017-01-21,276.9665832519531
2017-01-22,273.9593505859375
2017-01-23,275.7926330566406
2017-01-24,276.804931640625
2017-01-25,278.6065368652344
2017-01-26,274.1009826660156
2017-01-27,274.3548889160156
2017-01-28,276.349365234375
2017-01-29,279.5745544433594
2017-01-30,278.8290100097656
2017-01-31,277.2008972167969
2017-02-01,276.9220886230469
2017-02-02,276.3319396972656
2017-02-03,278.3006286621094
2017-02-04,277.6733093261719
2017-02-05,278.326904296875
2017-02-06,276.14654541015625
2017-02-07,278.9893798828125
2017-02-08,280.0376281738281
2017-02-09,277.9620056152344
2017-02-10,279.9557800292969
2017-02-11,276.66192626953125
2017-02-12,276.5050964355469
2017-02-13,281.5368957519531
2017-02-14,282.60345458984375
2017-02-15,281.3900451660156
2017-02-16,279.7059020996094
2017-02-17,279.4652404785156
2017-02-18,280.1728210449219
2017-02-19,278.6815185546875
2017-02-20,277.70941162109375
2017-02-21,277.4888610839844
2017-02-22,279.3280334472656
2017-02-23,282.2569274902344
2017-02-24,280.93255615234375
2017-02-25,281.08648681640625
2017-02-26,280.39385986328125
2017-02-27,280.8581237792969
2017-02-28,279.7457580566406
2017-03-01,281.0567932128906
2017-03-02,281.3718566894531
2017-03-03,280.2218017578125
2017-03-04,280.208740234375
2017-03-05,281.40216064453125
2017-03-06,279.9364929199219
2017-03-07,277.9108581542969
2017-03-08,278.4784240722656
2017-03-09,281.6916809082031
2017-03-10,279.2613220214844
2017-03-11,278.3319091796875
2017-03-12,276.3752746582031
2017-03-13,280.79620361328125
2017-03-14,282.6486511230469
2017-03-15,280.5823059082031
2017-03-16,278.2294616699219
2017-03-17,276.7492980957031
2017-03-18,274.70428466796875
2017-03-19,274.8404846191406
2017-03-20,276.9429626464844
2017-03-21,282.8245544433594
2017-03-22,281.2931213378906
2017-03-23,281.3276672363281
2017-03-24,282.1185302734375
2017-03-25,282.8718566894531
2017-03-26,280.9367980957031
2017-03-27,280.67437744140625
2017-03-28,281.6748962402344
2017-03-29,279.1087341308594
2017-03-30,279.5335693359375
2017-03-31,277.3659362792969
2017-04-01,278.7112731933594
2017-04-02,278.8803405761719
2017-04-03,279.88916015625
2017-04-04,283.24884033203125
2017-04-05,279.83270263671875
2017-04-06,279.6733093261719
2017-04-07,282.1561584472656
2017-04-08,283.2681579589844
2017-04-09,283.94232177734375
2017-04-10,282.12628173828125
2017-04-11,281.3936767578125
2017-04-12,280.6118469238281
2017-04-13,278.34405517578125
2017-04-14,278.1225280761719
2017-04-15,280.2270812988281
2017-04-16,282.066650390625
2017-04-17,278.9449768066406
2017-04-18,278.5413513183594
2017-04-19,279.9538269042969
2017-04-20,277.69989013671875
2017-04-21,275.1548156738281
2017-04-22,273.9844970703125
2017-04-23,273.8462829589844
2017-04-24,276.57122802734375
2017-04-25,282.0880432128906
2017-04-26,283.450439453125
2017-04-27,282.9119873046875
2017-04-28,284.194091796875
2017-04-29,280.4349060058594
2017-04-30,281.8156433105469
2017-05-01,283.53717041015625
2017-05-02,281.0952453613281
2017-05-03,282.8223876953125
2017-05-04,283.5218505859375
2017-05-05,282.6895446777344
2017-05-06,285.0110168457031
2017-05-07,281.6051940917969
2017-05-08,280.1847839355469
2017-05-09,277.9348449707031
2017-05-10,282.17919921875
2017-05-11,282.47003173828125
2017-05-12,283.4744567871094
2017-05-13,283.6984558105469
2017-05-14,283.1175231933594
2017-05-15,283.6949462890625
2017-05-16,282.4103698730469
2017-05-17,283.5323181152344
2017-05-18,283.80908203125
2017-05-19,284.7991638183594
2017-05-20,282.6886291503906
2017-05-21,281.1345520019531
2017-05-22,279.5321960449219
2017-05-23,284.0609130859375
2017-05-24,284.1863098144531
2017-05-25,282.7315673828125
2017-05-26,283.69842529296875
2017-05-27,284.32171630859375
2017-05-28,283.44842529296875
2017-05-29,282.6497497558594
2017-05-30,283.0469055175781
2017-05-31,285.2149353027344
2017-06-01,284.0037536621094
2017-06-02,282.1433410644531
2017-06-03,282.6499938964844
2017-06-04,283.0441589355469
2017-06-05,286.8189392089844
2017-06-06,288.47222900390625
2017-06-07,286.3696594238281
2017-06-08,285.5913391113281
2017-06-09,288.4864501953125
2017-06-10,289.39117431640625
2017-06-11,287.0759582519531
2017-06-12,285.5376281738281
2017-06-13,284.63775634765625
2017-06-14,283.210693359375
2017-06-15,286.29864501953125
2017-06-16,286.7408752441406
2017-06-17,286.1288146972656
2017-06-18,287.25225830078125
2017-06-19,288.81707763671875
2017-06-20,285.6165466308594
2017-06-21,288.3046569824219
2017-06-22,290.2810363769531
2017-06-23,287.7623596191406
2017-06-24,285.25299072265625
2017-06-25,285.2368469238281
2017-06-26,284.2117614746094
2017-06-27,284.31646728515625
2017-06-28,284.42755126953125
2017-06-29,284.2008972167969
2017-06-30,288.9892272949219
2017-07-01,285.5729675292969
2017-07-02,285.88165283203125
2017-07-03,287.0228576660156
2017-07-04,285.879150390625
2017-07-05,284.6600646972656
2017-07-06,283.3435974121094
2017-07-07,280.7868347167969
2017-07-08,280.3994140625
2017-07-09,279.9562072753906
2017-07-10,279.9557189941406
2017-07-11,281.6581726074219
2017-07-12,280.8992004394531
2017-07-13,283.1174621582031
2017-07-14,285.0476989746094
2017-07-15,284.4534606933594
2017-07-16,287.9837341308594
2017-07-17,287.5848693847656
2017-07-18,286.10638427734375
2017-07-19,287.8786315917969
2017-07-20,289.6023864746094
2017-07-21,290.0715637207031
2017-07-22,288.8903503417969
2017-07-23,286.2957763671875
2017-07-24,288.6181640625
2017-07-25,289.5912170410156
2017-07-26,286.6067810058594
2017-07-27,287.6670837402344
2017-07-28,284.1640930175781
2017-07-29,286.0816650390625
2017-07-30,285.1496887207031
2017-07-31,284.5193786621094
2017-08-01,283.3494873046875
2017-08-02,283.4515686035156
2017-08-03,281.9356384277344
2017-08-04,280.86163330078125
2017-08-05,282.3341369628906
2017-08-06,283.95806884765625
2017-08-07,288.30816650390625
2017-08-08,285.8982238769531
2017-08-09,285.2174987792969
2017-08-10,288.7799377441406
2017-08-11,288.5089111328125
2017-08-12,287.08404541015625
2017-08-13,286.11248779296875
2017-08-14,289.130615234375
2017-08-15,289.2839050292969
2017-08-16,288.6992492675781
2017-08-17,285.0508117675781
2017-08-18,284.6758117675781
2017-08-19,286.78863525390625
2017-08-20,287.0428161621094
2017-08-21,285.4575500488281
2017-08-22,287.0021057128906
2017-08-23,285.8134460449219
2017-08-24,288.2220764160156
2017-08-25,288.81939697265625
2017-08-26,283.1268310546875
2017-08-27,281.3463439941406
2017-08-28,281.23828125
2017-08-29,282.7357177734375
2017-08-30,284.1066589355469
2017-08-31,287.7712097167969
2017-09-01,287.829833984375
2017-09-02,288.6160583496094
2017-09-03,285.1665344238281
2017-09-04,287.0403747558594
2017-09-05,289.8655700683594
2017-09-06,289.7754211425781
2017-09-07,290.2281494140625
2017-09-08,288.9629821777344
2017-09-09,285.4913635253906
2017-09-10,285.3743591308594
2017-09-11,284.04376220703125
2017-09-12,281.00848388671875
2017-09-13,286.4712829589844
2017-09-14,284.6069030761719
2017-09-15,282.60845947265625
2017-09-16,283.9272766113281
2017-09-17,287.1390075683594
2017-09-18,282.3201599121094
2017-09-19,285.2081298828125
2017-09-20,283.2523498535156
2017-09-21,282.80401611328125
2017-09-22,285.067626953125
2017-09-23,285.1617736816406
2017-09-24,286.4087829589844
2017-09-25,286.0053405761719
2017-09-26,284.7460021972656
2017-09-27,287.124755859375
2017-09-28,286.5356750488281
2017-09-29,284.7590026855469
2017-09-30,284.1178894042969
2017-10-01,284.5516357421875
2017-10-02,287.7382507324219
2017-10-03,287.6549377441406
2017-10-04,290.9794006347656
2017-10-05,290.5079650878906
2017-10-06,287.2379455566406
2017-10-07,284.8551330566406
2017-10-08,280.0628356933594
2017-10-09,282.3710632324219
2017-10-10,285.039794921875
2017-10-11,286.8276672363281
2017-10-12,286.0472106933594
2017-10-13,285.4162902832031
2017-10-14,285.5306091308594
2017-10-15,285.3526611328125
2017-10-16,284.0840759277344
2017-10-17,282.4331359863281
2017-10-18,281.97100830078125
2017-10-19,279.4369812011719
2017-10-20,286.0843505859375
2017-10-21,288.2315673828125
2017-10-22,287.61370849609375
2017-10-23,284.6702575683594
2017-10-24,284.3513488769531
2017-10-25,282.31298828125
2017-10-26,283.2742614746094
2017-10-27,280.0621032714844
2017-10-28,285.8849182128906
2017-10-29,284.1122741699219
2017-10-30,282.2097473144531
2017-10-31,283.9859619140625
2017-11-01,284.6592102050781
2017-11-02,283.76715087890625
2017-11-03,278.4358825683594
2017-11-04,279.2592468261719
2017-11-05,284.44189453125
2017-11-06,282.5044860839844
2017-11-07,277.23095703125
2017-11-08,277.4563903808594
2017-11-09,277.6756286621094
2017-11-10,281.6844787597656
2017-11-11,282.3107604980469
2017-11-12,284.2353515625
2017-11-13,280.4324645996094
2017-11-14,277.09698486328125
2017-11-15,280.7371520996094
2017-11-16,282.7441101074219
2017-11-17,282.3586120605469
2017-11-18,280.7296447753906
2017-11-19,280.40692138671875
2017-11-20,280.71435546875
2017-11-21,277.64208984375
2017-11-22,276.82830810546875
2017-11-23,280.0826721191406
2017-11-24,279.0746154785156
2017-11-25,274.2044982910156
2017-11-26,278.3916931152344
2017-11-27,277.4425964355469
2017-11-28,275.4856262207031
2017-11-29,276.58404541015625
2017-11-30,280.1999816894531
2017-12-01,278.68170166015625
2017-12-02,274.41986083984375
2017-12-03,272.5261535644531
2017-12-04,276.89697265625
2017-12-05,279.5364074707031
2017-12-06,277.7817077636719
2017-12-07,277.43023681640625
2017-12-08,276.6209716796875
2017-12-09,277.5330505371094
2017-12-10,279.7091064453125
2017-12-11,277.7365417480469
2017-12-12,275.0131530761719
2017-12-13,280.0096130371094
2017-12-14,275.9469299316406
2017-12-15,273.8108215332031
2017-12-16,278.89794921875
2017-12-17,276.3323059082031
2017-12-18,277.0726623535156
2017-12-19,276.4340515136719
2017-12-20,275.28143310546875
2017-12-21,276.9183044433594
2017-12-22,277.2356262207031
2017-12-23,279.45965576171875
2017-12-24,278.4116516113281
2017-12-25,275.9467468261719
2017-12-26,273.4927978515625
2017-12-27,276.9078063964844
2017-12-28,277.5361328125
2017-12-29,279.4675598144531
2017-12-30,280.2296447753906
2017-12-31,280.3031311035156
2018-01-01,278.51556396484375
2018-01-02,278.41876220703125
2018-01-03,280.4512634277344
2018-01-04,280.5935974121094
2018-01-05,278.831787109375
2018-01-06,274.4087219238281
2018-01-07,273.2443542480469
2018-01-08,274.2383117675781
2018-01-09,278.30816650390625
2018-01-10,275.1319274902344
2018-01-11,276.1300354003906
2018-01-12,277.5539245605469
2018-01-13,277.3040466308594
2018-01-14,274.8877868652344
2018-01-15,275.1526794433594
2018-01-16,276.6593322753906
2018-01-17,276.9640197753906
2018-01-18,277.4068298339844
2018-01-19,277.6048278808594
2018-01-20,279.51300048828125
2018-01-21,280.4131164550781
2018-01-22,282.729736328125
2018-01-23,281.0900573730469
2018-01-24,279.2314758300781
2018-01-25,278.4269104003906
2018-01-26,277.5517883300781
2018-01-27,278.9550476074219
2018-01-28,278.970947265625
2018-01-29,278.1287536621094
2018-01-30,277.0532531738281
2018-01-31,275.9980163574219
2018-02-01,275.7471618652344
2018-02-02,280.5040588378906
2018-02-03,275.6824951171875
2018-02-04,273.3736267089844
2018-02-05,273.3144226074219
2018-02-06,273.3274841308594
2018-02-07,273.9071350097656
2018-02-08,275.8435363769531
2018-02-09,277.1162109375
2018-02-10,276.4855041503906
2018-02-11,275.6519470214844
2018-02-12,275.1243591308594
2018-02-13,275.9966735839844
2018-02-14,275.88525390625
2018-02-15,281.5860900878906
2018-02-16,282.9305114746094
2018-02-17,282.4453125
2018-02-18,282.8665466308594
2018-02-19,278.7623596191406
2018-02-20,278.0998229980469
2018-02-21,278.4886169433594
2018-02-22,277.7400817871094
2018-02-23,276.4901123046875
2018-02-24,276.8689270019531
2018-02-25,277.8199157714844
2018-02-26,276.5283203125
2018-02-27,277.9637756347656
2018-02-28,278.5115966796875
2018-03-01,275.4841613769531
2018-03-02,279.8546447753906
2018-03-03,280.1927795410156
2018-03-04,281.6304016113281
2018-03-05,279.4166564941406
2018-03-06,277.904541015625
2018-03-07,279.7223205566406
2018-03-08,279.15582275390625
2018-03-09,283.1937561035156
2018-03-10,282.7919616699219
2018-03-11,280.9326477050781
2018-03-12,277.9746398925781
2018-03-13,277.1620178222656
2018-03-14,280.1670227050781
2018-03-15,279.0857849121094
2018-03-16,281.9667053222656
2018-03-17,279.0290222167969
2018-03-18,277.49273681640625
2018-03-19,276.6236877441406
2018-03-20,276.5577697753906
2018-03-21,275.19427490234375
2018-03-22,277.22210693359375
2018-03-23,277.06439208984375
2018-03-24,277.2167053222656
2018-03-25,278.0077209472656
2018-03-26,280.1846618652344
2018-03-27,279.3553161621094
2018-03-28,279.5416564941406
2018-03-29,279.62640380859375
2018-03-30,275.9315490722656
2018-03-31,279.2217712402344
2018-04-01,274.78741455078125
2018-04-02,276.3339538574219
2018-04-03,280.7050476074219
2018-04-04,284.085693359375
2018-04-05,279.1466064453125
2018-04-06,277.1092224121094
2018-04-07,275.1402282714844
2018-04-08,281.98095703125
2018-04-09,278.9003601074219
2018-04-10,280.15435791015625
2018-04-11,281.2676086425781
2018-04-12,281.8003845214844
2018-04-13,281.78912353515625
2018-04-14,284.8489074707031
2018-04-15,284.2392272949219
2018-04-16,280.5171813964844
2018-04-17,283.4565734863281
2018-04-18,283.9154968261719
2018-04-19,284.8929138183594
2018-04-20,285.0376892089844
2018-04-21,284.8112487792969
2018-04-22,284.9757385253906
2018-04-23,284.2925109863281
2018-04-24,281.5355224609375
2018-04-25,280.8454895019531
2018-04-26,283.9373779296875
2018-04-27,283.2288818359375
2018-04-28,283.3852844238281
2018-04-29,281.7745056152344
2018-04-30,280.2660827636719
2018-05-01,282.83087158203125
2018-05-02,282.4578552246094
2018-05-03,280.0649719238281
2018-05-04,280.2157897949219
2018-05-05,283.7987060546875
2018-05-06,285.3774719238281
2018-05-07,286.0414123535156
2018-05-08,285.9239807128906
2018-05-09,284.3247375488281
2018-05-10,284.719482421875
2018-05-11,285.0576477050781
2018-05-12,285.4278869628906
2018-05-13,285.8217468261719
2018-05-14,279.6338806152344
2018-05-15,279.2419128417969
2018-05-16,281.76678466796875
2018-05-17,282.421142578125
2018-05-18,285.3572692871094
2018-05-19,285.7944030761719
2018-05-20,285.80889892578125
2018-05-21,288.06414794921875
2018-05-22,287.9458312988281
2018-05-23,284.5019836425781
2018-05-24,285.970947265625
2018-05-25,286.0693359375
2018-05-26,286.1249694824219
2018-05-27,284.38885498046875
2018-05-28,286.98126220703125
2018-05-29,288.223388671875
2018-05-30,287.0109558105469
2018-05-31,286.7679748535156
2018-06-01,286.6687927246094
2018-06-02,284.6520080566406
2018-06-03,286.8493957519531
2018-06-04,287.0644226074219
2018-06-05,283.3712158203125
2018-06-06,284.6924133300781
2018-06-07,287.5927734375
2018-06-08,284.3370666503906
2018-06-09,284.2634582519531
2018-06-10,284.3977966308594
2018-06-11,283.5298767089844
2018-06-12,285.7917175292969
2018-06-13,285.395751953125
2018-06-14,284.1772155761719
2018-06-15,285.7065734863281
2018-06-16,284.2607727050781
2018-06-17,285.4242858886719
2018-06-18,285.69134521484375
2018-06-19,286.9186096191406
2018-06-20,287.9059753417969
2018-06-21,288.45751953125
2018-06-22,287.1039123535156
2018-06-23,285.30853271484375
2018-06-24,285.9723815917969
2018-06-25,288.4748840332031
2018-06-26,286.3483581542969
2018-06-27,284.0374755859375
2018-06-28,279.8308410644531
2018-06-29,284.7527770996094
2018-06-30,287.271728515625
2018-07-01,288.15081787109375
2018-07-02,292.16693115234375
2018-07-03,287.0636901855469
2018-07-04,289.73272705078125
2018-07-05,287.5182189941406
2018-07-06,287.0119934082031
2018-07-07,285.78839111328125
2018-07-08,287.5182189941406
2018-07-09,287.0741882324219
2018-07-10,285.7569885253906
2018-07-11,284.8856506347656
2018-07-12,286.4914245605469
2018-07-13,284.2807922363281
2018-07-14,286.5804138183594
2018-07-15,286.0981750488281
2018-07-16,286.8878479003906
2018-07-17,285.8970031738281
2018-07-18,287.2045593261719
2018-07-19,288.5723876953125
2018-07-20,286.5721130371094
2018-07-21,287.4162902832031
2018-07-22,290.2694396972656
2018-07-23,287.8457336425781
2018-07-24,286.4026184082031
2018-07-25,285.1932067871094
2018-07-26,287.4529113769531
2018-07-27,287.5815124511719
2018-07-28,284.95782470703125
2018-07-29,284.2575378417969
2018-07-30,285.550537109375
2018-07-31,286.4590759277344
2018-08-01,287.810791015625
2018-08-02,288.7561950683594
2018-08-03,288.81280517578125
2018-08-04,290.5585632324219
2018-08-05,291.4516296386719
2018-08-06,293.0188293457031
2018-08-07,293.0582580566406
2018-08-08,292.5389709472656
2018-08-09,293.0146484375
2018-08-10,293.3470764160156
2018-08-11,291.0264587402344
2018-08-12,290.7362976074219
2018-08-13,292.6843566894531
2018-08-14,288.99993896484375
2018-08-15,291.2903747558594
2018-08-16,289.7474060058594
2018-08-17,290.3842468261719
2018-08-18,291.445556640625
2018-08-19,290.7179870605469
2018-08-20,290.49981689453125
2018-08-21,290.82611083984375
2018-08-22,290.5145263671875
2018-08-23,289.8388366699219
2018-08-24,290.46710205078125
2018-08-25,289.68060302734375
2018-08-26,287.9486389160156
2018-08-27,288.3788146972656
2018-08-28,287.58551025390625
2018-08-29,288.299072265625
2018-08-30,287.82464599609375
2018-08-31,287.5718078613281
2018-09-01,287.4402770996094
2018-09-02,291.4231872558594
2018-09-03,292.7637939453125
2018-09-04,291.9066467285156
2018-09-05,286.73004150390625
2018-09-06,289.1112365722656
2018-09-07,291.6000671386719
2018-09-08,291.0920104980469
2018-09-09,290.8388671875
2018-09-10,290.31396484375
2018-09-11,292.9429931640625
2018-09-12,290.5628967285156
2018-09-13,291.0780944824219
2018-09-14,290.9688720703125
2018-09-15,289.3954162597656
2018-09-16,289.87164306640625
2018-09-17,289.77081298828125
2018-09-18,291.785400390625
2018-09-19,290.1900939941406
2018-09-20,290.9386901855469
2018-09-21,290.42938232421875
2018-09-22,291.1916198730469
2018-09-23,290.4632873535156
2018-09-24,290.0193786621094
2018-09-25,289.7027893066406
2018-09-26,288.4078674316406
2018-09-27,283.0741882324219
2018-09-28,284.37884521484375
2018-09-29,286.3102722167969
2018-09-30,284.7607116699219
2018-10-01,285.3987121582031
2018-10-02,284.961669921875
2018-10-03,283.5383605957031
2018-10-04,284.0020751953125
2018-10-05,284.4981994628906
2018-10-06,284.9003601074219
2018-10-07,284.2133483886719
2018-10-08,286.8576354980469
2018-10-09,288.7182312011719
2018-10-10,289.0025939941406
2018-10-11,288.98681640625
2018-10-12,288.5824279785156
2018-10-13,289.5128479003906
2018-10-14,287.99859619140625
2018-10-15,288.00885009765625
2018-10-16,288.0097351074219
2018-10-17,289.4215087890625
2018-10-18,286.80615234375
2018-10-19,286.5855407714844
2018-10-20,288.6442565917969
2018-10-21,288.75115966796875
2018-10-22,287.6318359375
2018-10-23,284.0899963378906
2018-10-24,284.7426452636719
2018-10-25,286.03778076171875
2018-10-26,282.2380065917969
2018-10-27,282.6591491699219
2018-10-28,284.1288146972656
2018-10-29,276.4518737792969
2018-10-30,271.8254699707031
2018-10-31,281.2096862792969
2018-11-01,286.553955078125
2018-11-02,284.73388671875
2018-11-03,283.3415222167969
2018-11-04,281.2306823730469
2018-11-05,279.6025085449219
2018-11-06,281.5753479003906
2018-11-07,282.8487854003906
2018-11-08,280.3321228027344
2018-11-09,281.16070556640625
2018-11-10,281.0074768066406
2018-11-11,283.4836730957031
2018-11-12,286.33221435546875
2018-11-13,287.1289367675781
2018-11-14,285.9658508300781
2018-11-15,283.9709167480469
2018-11-16,284.6413879394531
2018-11-17,283.0606689453125
2018-11-18,281.4749450683594
2018-11-19,281.3349914550781
2018-11-20,280.1160888671875
2018-11-21,278.1278381347656
2018-11-22,278.0352783203125
2018-11-23,275.94000244140625
2018-11-24,281.0472106933594
2018-11-25,281.8188781738281
2018-11-26,279.9998474121094
2018-11-27,279.15020751953125
2018-11-28,280.8302917480469
2018-11-29,280.5614929199219
2018-11-30,278.0494384765625
2018-12-01,281.1995849609375
2018-12-02,280.9351806640625
2018-12-03,280.2083435058594
2018-12-04,281.8826599121094
2018-12-05,282.6237487792969
2018-12-06,281.5593566894531
2018-12-07,283.7025451660156
2018-12-08,282.7808532714844
2018-12-09,281.37017822265625
2018-12-10,280.5619201660156
2018-12-11,279.9975891113281
2018-12-12,277.3235778808594
2018-12-13,277.10809326171875
2018-12-14,278.8399963378906
2018-12-15,280.581298828125
2018-12-16,280.7041320800781
2018-12-17,280.3898620605469
2018-12-18,279.2047119140625
2018-12-19,276.1419372558594
2018-12-20,279.85589599609375
2018-12-21,281.16705322265625
2018-12-22,279.0209655761719
2018-12-23,277.2652893066406
2018-12-24,275.9494934082031
2018-12-25,280.412109375
2018-12-26,278.75238037109375
2018-12-27,276.1354064941406
2018-12-28,276.5365905761719
2018-12-29,277.5583190917969
2018-12-30,277.6299133300781
2018-12-31,279.98974609375
2019-01-01,280.8277282714844
2019-01-02,279.3719177246094
2019-01-03,275.15118408203125
2019-01-04,273.4505920410156
2019-01-05,276.0826110839844
2019-01-06,279.6094055175781
2019-01-07,279.5079040527344
2019-01-08,277.6549987792969
2019-01-09,277.7135925292969
2019-01-10,276.2920227050781
2019-01-11,275.0565490722656
2019-01-12,275.7646484375
2019-01-13,279.12091064453125
2019-01-14,278.7519226074219
2019-01-15,279.1334228515625
2019-01-16,277.26995849609375
2019-01-17,275.4306945800781
2019-01-18,275.908935546875
2019-01-19,278.1422424316406
2019-01-20,276.3338317871094
2019-01-21,278.7839660644531
2019-01-22,276.8800048828125
2019-01-23,274.7521667480469
2019-01-24,275.16448974609375
2019-01-25,276.8143615722656
2019-01-26,277.5829772949219
2019-01-27,277.0807800292969
2019-01-28,277.057861328125
2019-01-29,276.9326477050781
2019-01-30,277.70513916015625
2019-01-31,276.4975280761719
2019-02-01,278.4772644042969
2019-02-02,276.7599182128906
2019-02-03,275.89483642578125
2019-02-04,277.6878662109375
2019-02-05,278.99176025390625
2019-02-06,278.4893798828125
2019-02-07,278.8028564453125
2019-02-08,278.9264221191406
2019-02-09,278.7271423339844
2019-02-10,276.426025390625
2019-02-11,277.69781494140625
2019-02-12,274.869140625
2019-02-13,276.4554138183594
2019-02-14,277.66973876953125
2019-02-15,275.2997131347656
2019-02-16,276.0280456542969
2019-02-17,274.0492248535156
2019-02-18,274.33203125
2019-02-19,275.3409423828125
2019-02-20,276.6827392578125
2019-02-21,277.250732421875
2019-02-22,278.6495666503906
2019-02-23,277.2889709472656
2019-02-24,273.990478515625
2019-02-25,274.1434020996094
2019-02-26,276.9743957519531
2019-02-27,277.35394287109375
2019-02-28,278.5755310058594
2019-03-01,278.1057434082031
2019-03-02,278.8759460449219
2019-03-03,279.3173522949219
2019-03-04,276.3551330566406
2019-03-05,275.9715270996094
2019-03-06,277.6776428222656
2019-03-07,276.4108581542969
2019-03-08,281.4324035644531
2019-03-09,280.7857360839844
2019-03-10,278.0413513183594
2019-03-11,279.4814147949219
2019-03-12,276.1002197265625
2019-03-13,276.78125
2019-03-14,277.8063659667969
2019-03-15,279.1626892089844
2019-03-16,277.7851257324219
2019-03-17,276.3789367675781
2019-03-18,278.9461975097656
2019-03-19,277.5194396972656
2019-03-20,280.52679443359375
2019-03-21,282.21234130859375
2019-03-22,281.2270812988281
2019-03-23,282.7388000488281
2019-03-24,280.08856201171875
2019-03-25,280.40093994140625
2019-03-26,280.4412841796875
2019-03-27,279.79541015625
2019-03-28,281.4220886230469
2019-03-29,279.5971374511719
2019-03-30,278.8181457519531
2019-03-31,281.2178039550781
2019-04-01,282.4431457519531
2019-04-02,280.7681884765625
2019-04-03,284.24365234375
2019-04-04,285.4606018066406
2019-04-05,280.7633361816406
2019-04-06,280.2291259765625
2019-04-07,278.31402587890625
2019-04-08,278.6462097167969
2019-04-09,282.0095520019531
2019-04-10,279.834228515625
2019-04-11,279.3647155761719
2019-04-12,279.3730163574219
2019-04-13,279.5697937011719
2019-04-14,276.7075500488281
2019-04-15,279.4882507324219
2019-04-16,283.11810302734375
2019-04-17,285.1305236816406
2019-04-18,284.1944885253906
2019-04-19,284.56005859375
2019-04-20,283.77899169921875
2019-04-21,285.3889465332031
2019-04-22,283.0572204589844
2019-04-23,282.5769348144531
2019-04-24,284.4838562011719
2019-04-25,285.319091796875
2019-04-26,285.5439758300781
2019-04-27,280.9075927734375
2019-04-28,280.4300842285156
2019-04-29,281.2669372558594
2019-04-30,280.4157409667969
2019-05-01,278.6874084472656
2019-05-02,282.8039245605469
2019-05-03,285.9522705078125
2019-05-04,283.87744140625
2019-05-05,279.5595703125
2019-05-06,277.8035583496094
2019-05-07,278.7675476074219
2019-05-08,282.311767578125
2019-05-09,283.9100036621094
2019-05-10,284.7408142089844
2019-05-11,286.67041015625
2019-05-12,281.4497375488281
2019-05-13,280.5930480957031
2019-05-14,283.9018859863281
2019-05-15,281.5312805175781
2019-05-16,279.9346008300781
2019-05-17,282.2176513671875
2019-05-18,282.28021240234375
2019-05-19,281.9791259765625
2019-05-20,280.9302062988281
2019-05-21,282.0805358886719
2019-05-22,285.3856506347656
2019-05-23,282.4094543457031
2019-05-24,285.6102600097656
2019-05-25,288.5014343261719
2019-05-26,286.4261169433594
2019-05-27,284.95440673828125
2019-05-28,283.42120361328125
2019-05-29,284.7518005371094
2019-05-30,282.1494445800781
2019-05-31,283.9246520996094
2019-06-01,283.6873474121094
2019-06-02,282.0959777832031
2019-06-03,282.7506408691406
2019-06-04,284.0607604980469
2019-06-05,284.0474853515625
2019-06-06,286.1598205566406
2019-06-07,284.0868225097656
2019-06-08,282.55810546875
2019-06-09,278.4692077636719
2019-06-10,284.0751037597656
2019-06-11,288.950439453125
2019-06-12,288.9595642089844
2019-06-13,287.2974548339844
2019-06-14,288.031494140625
2019-06-15,288.92022705078125
2019-06-16,288.80242919921875
2019-06-17,287.2696228027344
2019-06-18,284.6579284667969
2019-06-19,285.96978759765625
2019-06-20,286.5991516113281
2019-06-21,286.1781311035156
2019-06-22,286.1611633300781
2019-06-23,286.58160400390625
2019-06-24,286.09375
2019-06-25,287.2842712402344
2019-06-26,287.78106689453125
2019-06-27,288.87164306640625
2019-06-28,288.2322692871094
2019-06-29,286.8980407714844
2019-06-30,286.5947265625
2019-07-01,289.7978210449219
2019-07-02,287.6747131347656
2019-07-03,285.5115051269531
2019-07-04,284.9039306640625
2019-07-05,287.4710693359375
2019-07-06,286.8001403808594
2019-07-07,284.3468322753906
2019-07-08,284.6330261230469
2019-07-09,285.3724670410156
2019-07-10,289.4909973144531
2019-07-11,288.8817443847656
2019-07-12,285.6619567871094
2019-07-13,283.0931396484375
2019-07-14,286.9881286621094
2019-07-15,288.1817321777344
2019-07-16,288.0279541015625
2019-07-17,286.5948181152344
2019-07-18,287.8247375488281
2019-07-19,286.8030090332031
2019-07-20,288.85516357421875
2019-07-21,289.146484375
2019-07-22,286.4098815917969
2019-07-23,285.7248229980469
2019-07-24,285.7310485839844
2019-07-25,288.08782958984375
2019-07-26,286.1474304199219
2019-07-27,287.9234313964844
2019-07-28,286.7953796386719
2019-07-29,290.4871520996094
2019-07-30,289.8887634277344
2019-07-31,286.4165344238281
2019-08-01,283.7892150878906
2019-08-02,282.9367980957031
2019-08-03,288.57037353515625
2019-08-04,286.2912292480469
2019-08-05,286.75140380859375
2019-08-06,285.2308654785156
2019-08-07,282.9783935546875
2019-08-08,286.70184326171875
2019-08-09,288.1027526855469
2019-08-10,288.0559387207031
2019-08-11,288.5901184082031
2019-08-12,284.6233825683594
2019-08-13,291.6845397949219
2019-08-14,289.0508728027344
2019-08-15,288.3209228515625
2019-08-16,288.1359558105469
2019-08-17,288.7105407714844
2019-08-18,290.76165771484375
2019-08-19,292.0432434082031
2019-08-20,291.2580871582031
2019-08-21,291.8218994140625
2019-08-22,290.210205078125
2019-08-23,292.2548828125
2019-08-24,291.3459777832031
2019-08-25,293.1722106933594
2019-08-26,290.8658752441406
2019-08-27,289.2904052734375
2019-08-28,290.60809326171875
2019-08-29,292.0777282714844
2019-08-30,293.22918701171875
2019-08-31,293.2904357910156
2019-09-01,291.73883056640625
2019-09-02,292.3257141113281
2019-09-03,291.1008605957031
2019-09-04,290.1749572753906
2019-09-05,290.16961669921875
2019-09-06,288.7377014160156
2019-09-07,287.5957946777344
2019-09-08,290.47637939453125
2019-09-09,291.585693359375
2019-09-10,291.1533508300781
2019-09-11,291.0086975097656
2019-09-12,293.9175109863281
2019-09-13,293.4670104980469
2019-09-14,293.6938781738281
2019-09-15,292.8873596191406
2019-09-16,292.4607849121094
2019-09-17,293.2066955566406
2019-09-18,291.908935546875
2019-09-19,289.97589111328125
2019-09-20,293.4022216796875
2019-09-21,292.8073425292969
2019-09-22,292.76690673828125
2019-09-23,291.59381103515625
2019-09-24,291.0785827636719
2019-09-25,289.8534851074219
2019-09-26,288.05609130859375
2019-09-27,288.09930419921875
2019-09-28,288.7831115722656
2019-09-29,290.19061279296875
2019-09-30,288.2598571777344
2019-10-01,285.6652526855469
2019-10-02,287.3415832519531
2019-10-03,286.2628479003906
2019-10-04,285.0539245605469
2019-10-05,283.1638488769531
2019-10-06,285.3981018066406
2019-10-07,286.7187805175781
2019-10-08,287.5976867675781
2019-10-09,288.8043518066406
2019-10-10,288.48370361328125
2019-10-11,287.1548156738281
2019-10-12,287.2234191894531
2019-10-13,286.3020324707031
2019-10-14,287.2702941894531
2019-10-15,287.6698913574219
2019-10-16,287.7330017089844
2019-10-17,287.0086975097656
2019-10-18,285.7828063964844
2019-10-19,285.3470764160156
2019-10-20,284.3677978515625
2019-10-21,288.605224609375
2019-10-22,289.8752136230469
2019-10-23,290.8685607910156
2019-10-24,287.9535217285156
2019-10-25,283.4460144042969
2019-10-26,284.0793151855469
2019-10-27,285.3837890625
2019-10-28,287.9380187988281
2019-10-29,287.2043151855469
2019-10-30,285.8543701171875
2019-10-31,285.5766296386719
2019-11-01,286.9346618652344
2019-11-02,285.6203918457031
2019-11-03,284.2402648925781
2019-11-04,284.4353942871094
2019-11-05,284.3362731933594
2019-11-06,285.0333557128906
2019-11-07,280.9967346191406
2019-11-08,279.2117004394531
2019-11-09,277.4912414550781
2019-11-10,276.1863098144531
2019-11-11,279.7266540527344
2019-11-12,280.7029113769531
2019-11-13,278.3993835449219
2019-11-14,280.5587463378906
2019-11-15,279.0003662109375
2019-11-16,282.7009582519531
2019-11-17,277.165771484375
2019-11-18,274.50958251953125
2019-11-19,278.1601867675781
2019-11-20,276.3513488769531
2019-11-21,275.74639892578125
2019-11-22,275.9644470214844
2019-11-23,275.05889892578125
2019-11-24,279.3515625
2019-11-25,280.2624816894531
2019-11-26,282.6493835449219
2019-11-27,281.04327392578125
2019-11-28,282.00360107421875
2019-11-29,281.0728759765625
2019-11-30,281.8505859375
2019-12-01,282.1307373046875
2019-12-02,284.1549987792969
2019-12-03,283.7578430175781
2019-12-04,282.3995056152344
2019-12-05,279.5340576171875
2019-12-06,278.6353759765625
2019-12-07,279.1883850097656
2019-12-08,283.21685791015625
2019-12-09,282.95745849609375
2019-12-10,279.6603698730469
2019-12-11,278.5042419433594
2019-12-12,278.9961242675781
2019-12-13,279.4134826660156
2019-12-14,283.0947265625
2019-12-15,281.30340576171875
2019-12-16,278.9436340332031
2019-12-17,280.9245910644531
2019-12-18,283.6464538574219
2019-12-19,281.0542907714844
2019-12-20,276.6466979980469
2019-12-21,280.1272888183594
2019-12-22,280.4437561035156
2019-12-23,279.4654235839844
2019-12-24,279.4512023925781
2019-12-25,278.77166748046875
2019-12-26,278.5191955566406
2019-12-27,280.9288635253906
2019-12-28,281.9026184082031
2019-12-29,275.9411315917969
2019-12-30,275.9993591308594
2019-12-31,275.7984924316406
2020-01-01,276.86676025390625
2020-01-02,277.626220703125
2020-01-03,276.4313049316406
2020-01-04,278.68701171875
2020-01-05,280.674072265625
2020-01-06,278.96160888671875
2020-01-07,278.7183532714844
2020-01-08,280.0633850097656
2020-01-09,280.1226806640625
2020-01-10,278.6286926269531
2020-01-11,279.3506164550781
2020-01-12,279.6664733886719
2020-01-13,280.05255126953125
2020-01-14,278.2827453613281
2020-01-15,277.5390930175781
2020-01-16,276.7461853027344
2020-01-17,276.1014099121094
2020-01-18,277.7482604980469
2020-01-19,275.6530456542969
2020-01-20,279.92919921875
2020-01-21,281.88177490234375
2020-01-22,281.9324035644531
2020-01-23,281.1339416503906
2020-01-24,279.8714904785156
2020-01-25,280.03033447265625
2020-01-26,277.5888671875
2020-01-27,279.5022277832031
2020-01-28,276.45037841796875
2020-01-29,278.8127136230469
2020-01-30,280.40966796875
2020-01-31,279.401611328125
2020-02-01,280.5252990722656
2020-02-02,282.3750915527344
2020-02-03,282.0234680175781
2020-02-04,280.2126159667969
2020-02-05,276.2387390136719
2020-02-06,274.2907409667969
2020-02-07,272.2080078125
2020-02-08,274.29229736328125
2020-02-09,276.0838623046875
2020-02-10,277.0102844238281
2020-02-11,275.6372985839844
2020-02-12,277.88433837890625
2020-02-13,278.5450134277344
2020-02-14,282.1120910644531
2020-02-15,281.1445617675781
2020-02-16,278.2523193359375
2020-02-17,277.4339904785156
2020-02-18,279.7183532714844
2020-02-19,279.06195068359375
2020-02-20,278.6773681640625
2020-02-21,276.0296325683594
2020-02-22,279.4521789550781
2020-02-23,277.8072509765625
2020-02-24,274.5003662109375
2020-02-25,272.9153747558594
2020-02-26,277.8790588378906
2020-02-27,277.99273681640625
2020-02-28,277.1591491699219
2020-02-29,276.0082702636719
2020-03-01,276.6972961425781
2020-03-02,279.8873291015625
2020-03-03,277.4585876464844
2020-03-04,279.2101135253906
2020-03-05,280.53656005859375
2020-03-06,279.90936279296875
2020-03-07,276.1313781738281
2020-03-08,278.5120544433594
2020-03-09,278.17132568359375
2020-03-10,279.69659423828125
2020-03-11,281.4041442871094
2020-03-12,279.0477294921875
2020-03-13,279.8188781738281
2020-03-14,282.3313903808594
2020-03-15,280.3531494140625
2020-03-16,282.79400634765625
2020-03-17,282.60504150390625
2020-03-18,282.1706848144531
2020-03-19,281.5663757324219
2020-03-20,281.6429138183594
2020-03-21,284.3155822753906
2020-03-22,284.3204040527344
2020-03-23,281.7138977050781
2020-03-24,280.8063659667969
2020-03-25,277.8343811035156
2020-03-26,275.4174499511719
2020-03-27,277.853515625
2020-03-28,280.70257568359375
2020-03-29,280.8355407714844
2020-03-30,280.2705383300781
2020-03-31,281.2633361816406
2020-04-01,283.00390625
2020-04-02,282.7783508300781
2020-04-03,283.1787414550781
2020-04-04,279.7631530761719
2020-04-05,278.2585144042969
2020-04-06,278.1499328613281
2020-04-07,278.55059814453125
2020-04-08,280.3608093261719
2020-04-09,281.71661376953125
2020-04-10,281.5831298828125
2020-04-11,281.7462158203125
2020-04-12,279.95379638671875
2020-04-13,280.35577392578125
2020-04-14,284.68865966796875
2020-04-15,284.9861755371094
2020-04-16,286.5663146972656
2020-04-17,287.5765380859375
2020-04-18,288.27880859375
2020-04-19,284.886962890625
2020-04-20,286.7145690917969
2020-04-21,282.7633972167969
2020-04-22,284.9757385253906
2020-04-23,284.0920104980469
2020-04-24,285.280517578125
2020-04-25,286.3370666503906
2020-04-26,288.1019592285156
2020-04-27,288.1109313964844
2020-04-28,287.67572021484375
2020-04-29,285.31640625
2020-04-30,282.4457092285156
2020-05-01,283.5881652832031
2020-05-02,285.5486755371094
2020-05-03,285.6427001953125
2020-05-04,285.3120422363281
2020-05-05,286.5987854003906
2020-05-06,287.18524169921875
2020-05-07,286.3147888183594
2020-05-08,284.9410400390625
2020-05-09,285.7257995605469
2020-05-10,288.6070556640625
2020-05-11,283.929443359375
2020-05-12,281.98028564453125
2020-05-13,284.81005859375
2020-05-14,282.00054931640625
2020-05-15,282.4304504394531
2020-05-16,284.496337890625
2020-05-17,287.7630310058594
2020-05-18,285.675048828125
2020-05-19,283.302734375
2020-05-20,282.4327697753906
2020-05-21,283.5429382324219
2020-05-22,282.6846618652344
2020-05-23,280.6109313964844
2020-05-24,280.33477783203125
2020-05-25,284.050537109375
2020-05-26,284.3250427246094
2020-05-27,282.2769470214844
2020-05-28,280.2520751953125
2020-05-29,284.29962158203125
2020-05-30,286.2671203613281
2020-05-31,284.5414733886719
2020-06-01,286.5664367675781
2020-06-02,282.8868713378906
2020-06-03,284.7254333496094
2020-06-04,283.6390380859375
2020-06-05,285.14776611328125
2020-06-06,281.1818542480469
2020-06-07,285.8734436035156
2020-06-08,286.8775939941406
2020-06-09,286.2844543457031
2020-06-10,283.6418762207031
2020-06-11,285.6279602050781
2020-06-12,287.3845520019531
2020-06-13,289.0630187988281
2020-06-14,285.1551208496094
2020-06-15,281.8691711425781
2020-06-16,280.82476806640625
2020-06-17,282.952392578125
2020-06-18,284.6218566894531
2020-06-19,287.8503112792969
2020-06-20,285.5614013671875
2020-06-21,284.8707275390625
2020-06-22,286.6876525878906
2020-06-23,286.2063903808594
2020-06-24,285.1396484375
2020-06-25,285.64007568359375
2020-06-26,286.362060546875
2020-06-27,290.76104736328125
2020-06-28,289.87066650390625
2020-06-29,288.88458251953125
2020-06-30,288.62628173828125
2020-07-01,285.6776123046875
2020-07-02,284.8116760253906
2020-07-03,283.8902893066406
2020-07-04,287.4694519042969
2020-07-05,287.29742431640625
2020-07-06,288.45916748046875
2020-07-07,285.7961730957031
2020-07-08,284.57373046875
2020-07-09,286.4844970703125
