datetime,maximum_2m_air_temperature,minimum_2m_air_temperature
2015-01-01,283.4123229980469,274.82513427734375
2015-01-02,284.74969482421875,278.83355712890625
2015-01-03,288.1263732910156,279.2583312988281
2015-01-04,289.8180236816406,283.7105407714844
2015-01-05,289.801025390625,278.8606262207031
2015-01-06,289.2810974121094,275.1728820800781
2015-01-07,288.1846618652344,279.3816223144531
2015-01-08,288.69207763671875,277.46502685546875
2015-01-09,288.3447570800781,280.9884338378906
2015-01-10,290.44146728515625,284.4315490722656
2015-01-11,292.83612060546875,281.5045166015625
2015-01-12,289.06781005859375,279.2042541503906
2015-01-13,292.4420471191406,276.7247619628906
2015-01-14,293.8309020996094,281.39263916015625
2015-01-15,293.4482421875,277.3531799316406
2015-01-16,295.4258117675781,283.0283508300781
2015-01-17,288.81365966796875,281.3340148925781
2015-01-18,283.84710693359375,279.9969177246094
2015-01-19,287.3517761230469,278.12432861328125
2015-01-20,288.6534118652344,278.0442199707031
2015-01-21,289.4652404785156,278.10626220703125
2015-01-22,287.2779235839844,278.831298828125
2015-01-23,284.2173156738281,280.2308349609375
2015-01-24,285.1097412109375,281.7376708984375
2015-01-25,283.5265197753906,278.997314453125
2015-01-26,283.623779296875,278.860595703125
2015-01-27,284.42559814453125,280.872802734375
2015-01-28,284.451171875,280.8773498535156
2015-01-29,286.47259521484375,281.3336181640625
2015-01-30,289.8168640136719,282.10162353515625
2015-01-31,292.8412780761719,283.07806396484375
2015-02-01,283.07244873046875,278.9573669433594
2015-02-02,283.1209716796875,278.2534484863281
2015-02-03,289.29656982421875,278.209228515625
2015-02-04,292.5713806152344,279.3274230957031
2015-02-05,284.7928771972656,279.2273254394531
2015-02-06,284.8496398925781,278.62579345703125
2015-02-07,284.7579650878906,274.9287414550781
2015-02-08,284.5680236816406,277.5572509765625
2015-02-09,282.8931579589844,277.6187438964844
2015-02-10,286.414306640625,276.1229248046875
2015-02-11,289.299560546875,275.6435241699219
2015-02-12,289.65570068359375,276.9580383300781
2015-02-13,287.23297119140625,280.8426513671875
2015-02-14,287.5331726074219,280.76513671875
2015-02-15,289.54058837890625,280.4894714355469
2015-02-16,284.3103942871094,281.2376708984375
2015-02-17,285.89459228515625,281.6268005371094
2015-02-18,287.27325439453125,280.8680114746094
2015-02-19,286.95147705078125,281.0466613769531
2015-02-20,287.22589111328125,278.2723083496094
2015-02-21,289.6655578613281,282.49407958984375
2015-02-22,284.7074279785156,282.1810607910156
2015-02-23,286.79388427734375,283.0027770996094
2015-02-24,286.3181457519531,281.22918701171875
2015-02-25,283.69647216796875,281.1835021972656
2015-02-26,285.1816711425781,282.7708435058594
2015-02-27,286.27099609375,281.6942138671875
2015-02-28,286.547607421875,281.44952392578125
2015-03-01,286.4184265136719,279.7410583496094
2015-03-02,293.2322082519531,281.00506591796875
2015-03-03,295.6282958984375,283.315185546875
2015-03-04,298.25238037109375,282.58984375
2015-03-05,286.7141418457031,282.06524658203125
2015-03-06,284.5566101074219,281.2760314941406
2015-03-07,284.6033630371094,280.88299560546875
2015-03-08,283.4840393066406,278.5621337890625
2015-03-09,285.5591125488281,280.2077331542969
2015-03-10,287.4313049316406,279.3423156738281
2015-03-11,288.6189270019531,281.31427001953125
2015-03-12,291.1944274902344,281.557861328125
2015-03-13,289.468017578125,279.23626708984375
2015-03-14,292.53387451171875,277.2322998046875
2015-03-15,287.1125183105469,283.12005615234375
2015-03-16,287.23419189453125,283.6684875488281
2015-03-17,288.853515625,280.0079345703125
2015-03-18,291.4920654296875,277.8766174316406
2015-03-19,292.6939697265625,281.99517822265625
2015-03-20,290.8951721191406,284.18310546875
2015-03-21,290.2623596191406,286.09112548828125
2015-03-22,292.26416015625,284.221435546875
2015-03-23,295.085693359375,283.0400085449219
2015-03-24,289.23736572265625,285.1675109863281
2015-03-25,294.3598327636719,284.5270080566406
2015-03-26,286.3935241699219,284.224609375
2015-03-27,287.69952392578125,284.5585632324219
2015-03-28,289.4539794921875,285.62445068359375
2015-03-29,290.63153076171875,285.8488464355469
2015-03-30,293.28826904296875,285.49127197265625
2015-03-31,294.68475341796875,287.74102783203125
2015-04-01,291.5684814453125,285.9374084472656
2015-04-02,289.06463623046875,285.1220703125
2015-04-03,291.23028564453125,282.61688232421875
2015-04-04,294.8442077636719,278.91217041015625
2015-04-05,291.1895446777344,282.0313720703125
2015-04-06,290.4954528808594,281.1329040527344
2015-04-07,287.8993835449219,278.98553466796875
2015-04-08,288.2480163574219,278.45977783203125
2015-04-09,290.6334533691406,277.685302734375
2015-04-10,296.234375,278.79095458984375
2015-04-11,297.79803466796875,280.4753723144531
2015-04-12,296.56500244140625,281.1361083984375
2015-04-13,294.07086181640625,284.1897277832031
2015-04-14,296.7230529785156,282.55047607421875
2015-04-15,298.8985900878906,281.47454833984375
2015-04-16,302.3022155761719,282.33270263671875
2015-04-17,298.4759521484375,285.8034362792969
2015-04-18,299.4380187988281,283.6341552734375
2015-04-19,297.19873046875,287.04083251953125
2015-04-20,296.1081237792969,284.0423583984375
2015-04-21,294.4040832519531,285.4943542480469
2015-04-22,296.0908508300781,283.422119140625
2015-04-23,301.620849609375,287.1905517578125
2015-04-24,297.61822509765625,287.9411926269531
2015-04-25,298.8788146972656,284.6836853027344
2015-04-26,301.6770935058594,287.80291748046875
2015-04-27,295.2889404296875,288.4010925292969
2015-04-28,295.2217102050781,286.0162658691406
2015-04-29,297.68212890625,284.176025390625
2015-04-30,298.10211181640625,285.4534912109375
2015-05-01,303.3647766113281,285.1776428222656
2015-05-02,303.88812255859375,288.680419921875
2015-05-03,309.43402099609375,288.8670654296875
2015-05-04,312.676513671875,291.1368713378906
2015-05-05,310.679443359375,294.1054382324219
2015-05-06,304.99615478515625,290.4936218261719
2015-05-07,302.0765686035156,290.1876220703125
2015-05-08,306.3260498046875,288.48846435546875
2015-05-09,298.51220703125,290.2662658691406
2015-05-10,298.33306884765625,287.3060607910156
2015-05-11,301.63665771484375,285.9538269042969
2015-05-12,302.8084411621094,287.5014953613281
2015-05-13,303.6626892089844,288.2727355957031
2015-05-14,309.8826904296875,287.3782043457031
2015-05-15,308.4882507324219,289.6285095214844
2015-05-16,292.4416198730469,287.33526611328125
2015-05-17,294.11016845703125,286.5057373046875
2015-05-18,296.8580322265625,289.1550598144531
2015-05-19,305.2951965332031,287.197998046875
2015-05-20,303.0797424316406,289.9980773925781
2015-05-21,292.35748291015625,286.6640625
2015-05-22,292.9648742675781,286.57635498046875
2015-05-23,294.8513488769531,286.16241455078125
2015-05-24,298.1130676269531,285.3854064941406
2015-05-25,297.78851318359375,287.18414306640625
2015-05-26,294.32769775390625,288.5104675292969
2015-05-27,295.06884765625,288.4835205078125
2015-05-28,298.01275634765625,286.6281433105469
2015-05-29,305.03875732421875,285.8760681152344
2015-05-30,301.51483154296875,290.7100830078125
2015-05-31,300.42315673828125,289.3238525390625
2015-06-01,301.1856384277344,288.22705078125
2015-06-02,301.3468322753906,288.6663513183594
2015-06-03,302.00030517578125,288.8608093261719
2015-06-04,302.9751281738281,290.3874816894531
2015-06-05,303.8625183105469,289.2970886230469
2015-06-06,303.4010314941406,288.6922912597656
2015-06-07,304.8431091308594,293.0905456542969
2015-06-08,305.1963806152344,291.805908203125
2015-06-09,306.70819091796875,291.6460876464844
2015-06-10,307.4561767578125,292.42559814453125
2015-06-11,308.50238037109375,294.19720458984375
2015-06-12,308.0216979980469,297.6051940917969
2015-06-13,305.41912841796875,294.3868408203125
2015-06-14,304.4696044921875,293.4393310546875
2015-06-15,304.8739318847656,293.3102722167969
2015-06-16,301.87152099609375,293.3396911621094
2015-06-17,299.4522705078125,293.0364074707031
2015-06-18,300.29754638671875,292.1703186035156
2015-06-19,300.419189453125,290.51715087890625
2015-06-20,300.6685485839844,291.80126953125
2015-06-21,301.0786437988281,292.9974365234375
2015-06-22,305.21087646484375,290.7892761230469
2015-06-23,310.0380554199219,293.2032470703125
2015-06-24,305.6878356933594,293.83111572265625
2015-06-25,304.0213928222656,293.1486511230469
2015-06-26,301.8927917480469,292.4114685058594
2015-06-27,303.9008483886719,291.17279052734375
2015-06-28,306.7060546875,291.87701416015625
2015-06-29,305.3276062011719,291.49169921875
2015-06-30,306.6598205566406,292.5270690917969
2015-07-01,307.7680969238281,292.35113525390625
2015-07-02,307.48443603515625,294.1981201171875
2015-07-03,306.3953857421875,293.7853088378906
2015-07-04,306.7059631347656,294.4476013183594
2015-07-05,306.7328186035156,294.5838623046875
2015-07-06,308.22869873046875,293.9871826171875
2015-07-07,308.3574523925781,294.2980651855469
2015-07-08,309.6617126464844,294.646240234375
2015-07-09,304.50555419921875,296.0815124511719
2015-07-10,303.30682373046875,293.8120422363281
2015-07-11,305.1803283691406,292.2711181640625
2015-07-12,307.9740295410156,293.05322265625
2015-07-13,306.14324951171875,294.4993896484375
2015-07-14,305.237060546875,294.318359375
2015-07-15,306.4303283691406,293.74505615234375
2015-07-16,309.92010498046875,293.7550964355469
2015-07-17,309.6516418457031,296.69708251953125
2015-07-18,310.0021667480469,295.4578857421875
2015-07-19,311.0701904296875,295.55926513671875
2015-07-20,307.4828796386719,294.80133056640625
2015-07-21,308.83148193359375,294.1269836425781
2015-07-22,309.1417236328125,295.3721923828125
2015-07-23,307.1707763671875,296.0926208496094
2015-07-24,306.7267761230469,296.00250244140625
2015-07-25,308.3003234863281,294.61492919921875
2015-07-26,308.2447814941406,294.9746398925781
2015-07-27,308.9139404296875,293.92425537109375
2015-07-28,308.8955078125,294.82415771484375
2015-07-29,311.6607971191406,295.15826416015625
2015-07-30,315.23919677734375,296.9083557128906
2015-07-31,312.19525146484375,299.7552490234375
2015-08-01,313.4393005371094,298.03875732421875
2015-08-02,313.2864990234375,299.5923767089844
2015-08-03,308.17742919921875,295.7795104980469
2015-08-04,307.5757751464844,292.8514404296875
2015-08-05,310.4458312988281,295.5942687988281
2015-08-06,308.753662109375,295.9217529296875
2015-08-07,309.7049560546875,295.7271728515625
2015-08-08,308.76507568359375,295.7436218261719
2015-08-09,308.1297912597656,296.09716796875
2015-08-10,305.4935302734375,297.2221984863281
2015-08-11,303.5242614746094,296.1712951660156
2015-08-12,304.8730773925781,296.2055358886719
2015-08-13,307.5673828125,295.4830322265625
2015-08-14,306.0910949707031,295.3197326660156
2015-08-15,307.112060546875,293.9306945800781
2015-08-16,301.3250427246094,293.4625244140625
2015-08-17,305.85809326171875,291.3350524902344
2015-08-18,309.87176513671875,294.9420471191406
2015-08-19,305.82373046875,296.3794250488281
2015-08-20,303.68487548828125,293.6151428222656
2015-08-21,304.4327697753906,292.154541015625
2015-08-22,306.35870361328125,292.446044921875
2015-08-23,309.84600830078125,295.71282958984375
2015-08-24,311.5378112792969,297.1391906738281
2015-08-25,306.1324157714844,296.07635498046875
2015-08-26,307.31549072265625,296.5264892578125
2015-08-27,306.9967041015625,296.6799011230469
2015-08-28,308.36773681640625,297.6151428222656
2015-08-29,308.08502197265625,296.7977600097656
2015-08-30,307.8454895019531,294.23077392578125
2015-08-31,308.69635009765625,293.2357177734375
2015-09-01,308.4129638671875,294.2135314941406
2015-09-02,307.4163513183594,294.97308349609375
2015-09-03,309.4849853515625,295.76092529296875
2015-09-04,312.7196960449219,297.6580505371094
2015-09-05,304.53961181640625,297.4367370605469
2015-09-06,303.2629699707031,295.9923095703125
2015-09-07,302.476318359375,294.91632080078125
2015-09-08,302.2510986328125,294.4415588378906
2015-09-09,298.503662109375,292.7268371582031
2015-09-10,300.6403503417969,292.3190002441406
2015-09-11,306.2892761230469,291.1627502441406
2015-09-12,308.8040466308594,294.4822082519531
2015-09-13,310.14788818359375,296.7733459472656
2015-09-14,310.5531311035156,297.50714111328125
2015-09-15,310.9938049316406,296.0549621582031
2015-09-16,312.4643249511719,298.6777648925781
2015-09-17,312.00152587890625,297.4486083984375
2015-09-18,308.3823547363281,294.8442687988281
2015-09-19,306.8404541015625,296.32275390625
2015-09-20,299.45367431640625,294.724853515625
2015-09-21,299.518310546875,291.95477294921875
2015-09-22,302.0731201171875,290.26007080078125
2015-09-23,305.3312683105469,289.23834228515625
2015-09-24,298.2411193847656,292.09521484375
2015-09-25,297.968994140625,291.2659912109375
2015-09-26,297.6856689453125,290.71173095703125
2015-09-27,298.61566162109375,290.7947998046875
2015-09-28,297.5570983886719,290.715087890625
2015-09-29,301.50042724609375,288.9206237792969
2015-09-30,304.0100402832031,291.5289611816406
2015-10-01,301.4526672363281,290.53143310546875
2015-10-02,299.34661865234375,289.7807922363281
2015-10-03,302.80767822265625,287.9272766113281
2015-10-04,306.75909423828125,293.4043273925781
2015-10-05,305.48895263671875,293.1844787597656
2015-10-06,307.1936950683594,294.8509826660156
2015-10-07,301.336669921875,294.324951171875
2015-10-08,296.4724426269531,291.986328125
2015-10-09,295.66815185546875,291.38916015625
2015-10-10,295.73651123046875,291.3585510253906
2015-10-11,299.5357666015625,289.30401611328125
2015-10-12,304.198974609375,287.38665771484375
2015-10-13,306.9400329589844,290.6789245605469
2015-10-14,301.8533935546875,291.8522033691406
2015-10-15,296.64532470703125,291.6352233886719
2015-10-16,299.3646240234375,289.42083740234375
2015-10-17,302.447021484375,288.8004455566406
2015-10-18,305.16070556640625,291.1111755371094
2015-10-19,306.41729736328125,291.95501708984375
2015-10-20,300.60064697265625,292.53021240234375
2015-10-21,297.7753601074219,290.5503234863281
2015-10-22,290.5308532714844,288.35919189453125
2015-10-23,293.5800476074219,287.56317138671875
2015-10-24,295.71868896484375,285.50384521484375
2015-10-25,297.2732238769531,285.6858825683594
2015-10-26,300.77276611328125,286.75152587890625
2015-10-27,299.71014404296875,291.6274719238281
2015-10-28,301.0150451660156,288.4075927734375
2015-10-29,295.7955322265625,290.64013671875
2015-10-30,293.5009765625,288.23638916015625
2015-10-31,291.9635925292969,288.2653503417969
2015-11-01,293.29534912109375,287.7390441894531
2015-11-02,295.8759460449219,288.0148620605469
2015-11-03,297.771240234375,288.57952880859375
2015-11-04,298.6044616699219,288.05316162109375
2015-11-05,296.3686828613281,289.41558837890625
2015-11-06,295.37457275390625,287.9254455566406
2015-11-07,295.173828125,286.3180847167969
2015-11-08,294.91802978515625,285.93341064453125
2015-11-09,295.95416259765625,283.9806213378906
2015-11-10,293.64111328125,287.2986755371094
2015-11-11,295.1438293457031,286.7479248046875
2015-11-12,294.25830078125,285.7621765136719
2015-11-13,294.8527526855469,284.82623291015625
2015-11-14,294.3125,288.810546875
2015-11-15,293.8322448730469,289.37872314453125
2015-11-16,294.8379821777344,288.0066223144531
2015-11-17,293.4315490722656,287.7490539550781
2015-11-18,294.0633544921875,287.1697082519531
2015-11-19,294.0721740722656,289.2670593261719
2015-11-20,294.9600830078125,288.2625427246094
2015-11-21,298.70709228515625,285.9605712890625
2015-11-22,289.6029968261719,284.1683044433594
2015-11-23,289.20697021484375,283.02838134765625
2015-11-24,285.0379333496094,283.7481689453125
2015-11-25,288.19854736328125,283.25897216796875
2015-11-26,286.04205322265625,282.1741943359375
2015-11-27,285.424560546875,281.7038879394531
2015-11-28,288.40802001953125,282.74761962890625
2015-11-29,289.56964111328125,285.4154357910156
2015-11-30,291.2464599609375,286.3569641113281
2015-12-01,291.7928771972656,282.1045227050781
2015-12-02,292.171630859375,279.179931640625
2015-12-03,289.9144592285156,277.9820861816406
2015-12-04,290.82110595703125,282.3341369628906
2015-12-05,290.1759033203125,282.35162353515625
2015-12-06,292.6893615722656,283.6225891113281
2015-12-07,293.4702453613281,281.6357116699219
2015-12-08,293.0788269042969,279.79986572265625
2015-12-09,291.0126037597656,279.93109130859375
2015-12-10,290.21038818359375,282.2103271484375
2015-12-11,289.7135314941406,279.0660705566406
2015-12-12,290.2205810546875,276.3027038574219
2015-12-13,290.767822265625,274.8094482421875
2015-12-14,290.1017150878906,277.7337646484375
2015-12-15,290.4189758300781,282.4325256347656
2015-12-16,291.67669677734375,282.82232666015625
2015-12-17,290.37042236328125,283.29766845703125
2015-12-18,290.4684753417969,281.1626892089844
2015-12-19,292.29876708984375,278.2669982910156
2015-12-20,290.31610107421875,278.72528076171875
2015-12-21,289.6844482421875,279.5238342285156
2015-12-22,290.2420349121094,281.5797119140625
2015-12-23,292.95477294921875,280.2368469238281
2015-12-24,291.83251953125,278.5354919433594
2015-12-25,290.58111572265625,280.5992431640625
2015-12-26,290.0078125,277.33758544921875
2015-12-27,288.7928466796875,278.1673583984375
2015-12-28,290.3691711425781,279.4237365722656
2015-12-29,290.66839599609375,277.5741271972656
2015-12-30,288.73748779296875,283.62628173828125
2015-12-31,290.2426452636719,283.49755859375
2016-01-01,291.56866455078125,282.4676513671875
2016-01-02,294.3692321777344,281.1408996582031
2016-01-03,290.1457214355469,284.92474365234375
2016-01-04,293.74554443359375,286.29437255859375
2016-01-05,295.09283447265625,285.728515625
2016-01-06,287.91802978515625,282.837158203125
2016-01-07,289.67352294921875,284.1776428222656
2016-01-08,294.605712890625,285.4156188964844
2016-01-09,294.998291015625,282.443115234375
2016-01-10,293.7110900878906,283.1383361816406
2016-01-11,295.5841979980469,280.7306213378906
2016-01-12,291.5306701660156,283.3213195800781
2016-01-13,289.2048034667969,279.7346496582031
2016-01-14,293.4608459472656,276.71002197265625
2016-01-15,289.2219543457031,281.6064147949219
2016-01-16,282.3809814453125,277.9526672363281
2016-01-17,282.04547119140625,278.3133850097656
2016-01-18,285.8455505371094,280.31243896484375
2016-01-19,286.3749084472656,280.4978332519531
2016-01-20,287.168701171875,279.205322265625
2016-01-21,288.2955017089844,277.072265625
2016-01-22,288.05413818359375,278.9439697265625
2016-01-23,287.8673095703125,280.2923583984375
2016-01-24,288.92578125,281.0644226074219
2016-01-25,289.671142578125,277.2842102050781
2016-01-26,291.2686767578125,275.64373779296875
2016-01-27,291.24139404296875,276.4081726074219
2016-01-28,289.3108215332031,278.0358581542969
2016-01-29,289.67340087890625,278.2748107910156
2016-01-30,291.8246154785156,279.23590087890625
2016-01-31,289.48883056640625,282.3020935058594
2016-02-01,290.3533630371094,285.5118103027344
2016-02-02,292.4741516113281,282.5208435058594
2016-02-03,293.2378234863281,279.3233337402344
2016-02-04,287.118408203125,283.6612548828125
2016-02-05,287.5435791015625,281.8414611816406
2016-02-06,292.3721008300781,277.38531494140625
2016-02-07,294.4054870605469,280.23248291015625
2016-02-08,288.4716491699219,282.67205810546875
2016-02-09,293.22723388671875,280.1134948730469
2016-02-10,289.549072265625,282.9280700683594
2016-02-11,292.9580078125,284.50701904296875
2016-02-12,293.1129150390625,286.15728759765625
2016-02-13,293.9595031738281,286.90325927734375
2016-02-14,294.30767822265625,284.6079406738281
2016-02-15,291.4666748046875,282.3609619140625
2016-02-16,289.1871032714844,281.9444274902344
2016-02-17,285.9161071777344,282.3007507324219
2016-02-18,288.9429016113281,278.9235534667969
2016-02-19,291.2430114746094,276.8829650878906
2016-02-20,289.126953125,277.7880554199219
2016-02-21,292.176025390625,275.099609375
2016-02-22,295.1548156738281,282.2454833984375
2016-02-23,289.564453125,284.91943359375
2016-02-24,291.074462890625,281.1989440917969
2016-02-25,293.47442626953125,278.5751953125
2016-02-26,290.21392822265625,282.4217224121094
2016-02-27,290.93804931640625,282.3363952636719
2016-02-28,287.8962097167969,278.573974609375
2016-02-29,288.9114990234375,278.64117431640625
2016-03-01,286.0188903808594,283.3662109375
2016-03-02,289.5330810546875,284.5053405761719
2016-03-03,287.36480712890625,282.7743225097656
2016-03-04,289.7657165527344,282.6077880859375
2016-03-05,294.83905029296875,281.2231140136719
2016-03-06,288.26776123046875,281.8660583496094
2016-03-07,288.5582580566406,279.77642822265625
2016-03-08,289.8537292480469,279.7838439941406
2016-03-09,284.4259033203125,280.8275146484375
2016-03-10,286.44976806640625,280.5932922363281
2016-03-11,284.3019104003906,280.4422607421875
2016-03-12,286.167236328125,281.5430908203125
2016-03-13,286.33367919921875,283.1300964355469
2016-03-14,288.935791015625,281.825927734375
2016-03-15,291.1130065917969,278.5812683105469
2016-03-16,289.48980712890625,280.7784729003906
2016-03-17,289.99945068359375,279.3577880859375
2016-03-18,289.9203796386719,280.55712890625
2016-03-19,295.9325866699219,278.8769836425781
2016-03-20,299.3536376953125,281.725341796875
2016-03-21,294.4632568359375,284.6190185546875
2016-03-22,298.4710998535156,283.5039978027344
2016-03-23,289.1448059082031,283.95318603515625
2016-03-24,286.8818664550781,282.3589782714844
2016-03-25,290.0155944824219,281.898681640625
2016-03-26,291.24755859375,281.96295166015625
2016-03-27,295.14013671875,281.2356872558594
2016-03-28,295.018310546875,281.9508056640625
2016-03-29,297.4925842285156,284.08416748046875
2016-03-30,303.60443115234375,282.9713439941406
2016-03-31,303.08831787109375,286.3815612792969
2016-04-01,292.91900634765625,286.716064453125
2016-04-02,292.0320129394531,287.087890625
2016-04-03,295.2398986816406,286.0736083984375
2016-04-04,300.0494384765625,285.2505798339844
2016-04-05,296.60089111328125,286.8890686035156
2016-04-06,292.04437255859375,287.34649658203125
2016-04-07,289.0683288574219,287.4713439941406
2016-04-08,291.7376708984375,284.8886413574219
2016-04-09,288.8621520996094,284.2369384765625
2016-04-10,293.2536315917969,282.8011474609375
2016-04-11,301.489501953125,281.859375
2016-04-12,305.5733337402344,290.53460693359375
2016-04-13,295.93072509765625,288.23016357421875
2016-04-14,295.3445129394531,282.7301940917969
2016-04-15,301.3268127441406,282.3675537109375
2016-04-16,302.5306701660156,287.397705078125
2016-04-17,299.8092956542969,285.6439208984375
2016-04-18,296.8799743652344,284.78033447265625
2016-04-19,298.389404296875,285.40350341796875
2016-04-20,297.5933532714844,283.702880859375
2016-04-21,295.9015197753906,286.9935607910156
2016-04-22,296.882080078125,286.4317626953125
2016-04-23,295.263916015625,286.5581970214844
2016-04-24,294.25750732421875,285.8660888671875
2016-04-25,291.5035705566406,283.5829162597656
2016-04-26,297.490966796875,280.85784912109375
2016-04-27,297.5620422363281,285.72747802734375
2016-04-28,300.6400146484375,286.9922790527344
2016-04-29,296.4137878417969,287.4006042480469
2016-04-30,302.45654296875,287.1922912597656
2016-05-01,292.0178527832031,283.988037109375
2016-05-02,288.3498229980469,283.88330078125
2016-05-03,293.23297119140625,286.6276550292969
2016-05-04,295.3459777832031,283.98760986328125
2016-05-05,298.4334411621094,281.5691223144531
2016-05-06,298.2580871582031,288.37982177734375
2016-05-07,290.73065185546875,288.34442138671875
2016-05-08,296.3864440917969,288.1200866699219
2016-05-09,301.837158203125,288.8363342285156
2016-05-10,301.543212890625,290.5279541015625
2016-05-11,301.7873229980469,289.3799743652344
2016-05-12,296.708984375,288.4891357421875
2016-05-13,296.66278076171875,285.83612060546875
2016-05-14,295.9591979980469,285.586669921875
2016-05-15,297.2872314453125,286.83709716796875
2016-05-16,298.28094482421875,286.0699157714844
2016-05-17,299.0691223144531,285.5750427246094
2016-05-18,300.78411865234375,286.8504943847656
2016-05-19,298.7516784667969,288.9239501953125
2016-05-20,294.7803955078125,288.4468994140625
2016-05-21,298.3063049316406,287.5537414550781
2016-05-22,306.0085144042969,285.2289123535156
2016-05-23,298.5362548828125,288.44549560546875
2016-05-24,300.5940856933594,285.928955078125
2016-05-25,308.59783935546875,287.18304443359375
2016-05-26,313.4535217285156,291.0989990234375
2016-05-27,309.60302734375,292.897705078125
2016-05-28,305.5166320800781,292.3040466308594
2016-05-29,300.1567077636719,291.36236572265625
2016-05-30,301.8328552246094,290.541748046875
2016-05-31,300.43353271484375,289.6296081542969
2016-06-01,297.3343505859375,289.22003173828125
2016-06-02,301.5162048339844,286.5064392089844
2016-06-03,304.1529846191406,289.226806640625
2016-06-04,301.80474853515625,291.90203857421875
2016-06-05,299.7791748046875,291.489990234375
2016-06-06,302.3047790527344,289.4540710449219
2016-06-07,304.897216796875,291.8890380859375
2016-06-08,303.2056579589844,290.41607666015625
2016-06-09,305.2496032714844,290.0132751464844
2016-06-10,302.54071044921875,291.24725341796875
2016-06-11,310.0081787109375,290.7615661621094
2016-06-12,302.1585693359375,293.7850646972656
2016-06-13,301.7723083496094,293.064453125
2016-06-14,307.54730224609375,291.807373046875
2016-06-15,311.25384521484375,293.28369140625
2016-06-16,304.7417907714844,294.4535827636719
2016-06-17,301.9930114746094,292.7471008300781
2016-06-18,302.8643493652344,290.35223388671875
2016-06-19,297.2696533203125,291.9229431152344
2016-06-20,297.1965637207031,290.7380676269531
2016-06-21,299.215576171875,289.708740234375
2016-06-22,300.533935546875,288.941650390625
2016-06-23,303.0931701660156,288.48504638671875
2016-06-24,305.3314514160156,292.4815673828125
2016-06-25,307.4847412109375,293.58984375
2016-06-26,310.9170227050781,291.5326843261719
2016-06-27,305.5338134765625,294.13934326171875
2016-06-28,304.7358703613281,292.9498596191406
2016-06-29,309.1420593261719,293.2624206542969
2016-06-30,310.3043212890625,297.1416320800781
2016-07-01,305.6375732421875,295.44281005859375
2016-07-02,306.3152770996094,293.61102294921875
2016-07-03,307.7115173339844,292.60955810546875
2016-07-04,309.819091796875,292.85528564453125
2016-07-05,311.6871337890625,296.5018310546875
2016-07-06,304.81158447265625,296.1551208496094
2016-07-07,306.36474609375,294.0278625488281
2016-07-08,308.08740234375,289.61328125
2016-07-09,311.4021301269531,295.09619140625
2016-07-10,310.4350891113281,298.119384765625
2016-07-11,309.8098449707031,297.8719177246094
2016-07-12,308.3314514160156,297.0600280761719
2016-07-13,306.98760986328125,295.59527587890625
2016-07-14,301.57940673828125,293.7646789550781
2016-07-15,299.1547546386719,292.9468994140625
2016-07-16,301.3609313964844,291.9111022949219
2016-07-17,304.7304992675781,290.6660461425781
2016-07-18,305.05078125,291.336669921875
2016-07-19,305.4107666015625,290.98406982421875
2016-07-20,308.3671569824219,291.5912170410156
2016-07-21,309.14990234375,292.19940185546875
2016-07-22,313.063232421875,295.7696838378906
2016-07-23,307.3999938964844,296.9742126464844
2016-07-24,304.4194641113281,295.5138854980469
2016-07-25,303.5224914550781,295.94195556640625
2016-07-26,303.89715576171875,295.178466796875
2016-07-27,304.9992370605469,294.1701354980469
2016-07-28,307.0423889160156,293.89434814453125
2016-07-29,308.08880615234375,293.32763671875
2016-07-30,309.2378845214844,293.5939636230469
2016-07-31,312.99957275390625,295.10260009765625
2016-08-01,310.5086975097656,297.6445617675781
2016-08-02,304.7441101074219,294.830078125
2016-08-03,305.0081481933594,293.14898681640625
2016-08-04,307.9582824707031,290.8846130371094
2016-08-05,310.316162109375,294.9134521484375
2016-08-06,301.9839782714844,295.4026184082031
2016-08-07,302.0267333984375,294.5555725097656
2016-08-08,303.39141845703125,293.29730224609375
2016-08-09,306.1061096191406,293.32501220703125
2016-08-10,306.2619323730469,294.9471130371094
2016-08-11,300.6313171386719,293.56640625
2016-08-12,301.9094543457031,291.9437255859375
2016-08-13,302.1567687988281,289.9702453613281
2016-08-14,304.122314453125,291.188232421875
2016-08-15,307.2015686035156,290.7494201660156
2016-08-16,307.8117370605469,294.58123779296875
2016-08-17,305.0695495605469,295.153564453125
2016-08-18,307.1313171386719,292.3797607421875
2016-08-19,311.07257080078125,294.38812255859375
2016-08-20,311.8114013671875,295.6993408203125
2016-08-21,307.64471435546875,296.7308044433594
2016-08-22,303.233642578125,294.29156494140625
2016-08-23,302.00390625,293.1118469238281
2016-08-24,303.0973815917969,292.0271911621094
2016-08-25,303.9642639160156,291.7952575683594
2016-08-26,305.4670715332031,292.0346374511719
2016-08-27,307.9018859863281,293.7165832519531
2016-08-28,306.9924621582031,295.6032409667969
2016-08-29,308.3407287597656,294.3873291015625
2016-08-30,309.3326721191406,295.8166809082031
2016-08-31,305.8204650878906,295.45977783203125
2016-09-01,304.20477294921875,293.91595458984375
2016-09-02,303.8262939453125,293.5169677734375
2016-09-03,305.034912109375,292.93304443359375
2016-09-04,305.6684265136719,291.7078552246094
2016-09-05,308.1062927246094,293.22113037109375
2016-09-06,302.0415344238281,294.16680908203125
2016-09-07,298.14825439453125,291.33819580078125
2016-09-08,300.22955322265625,290.4942932128906
2016-09-09,301.5593566894531,294.1256408691406
2016-09-10,303.1851806640625,293.1148681640625
2016-09-11,302.3427429199219,292.89666748046875
2016-09-12,303.8387145996094,292.3616943359375
2016-09-13,306.4504089355469,293.0978698730469
2016-09-14,305.21673583984375,294.74029541015625
2016-09-15,306.362060546875,296.3749084472656
2016-09-16,303.1571960449219,296.7257385253906
2016-09-17,302.5501403808594,295.1395263671875
2016-09-18,301.4671630859375,294.25921630859375
2016-09-19,298.7768249511719,292.8130187988281
2016-09-20,300.24749755859375,293.1014709472656
2016-09-21,300.1506652832031,291.4628601074219
2016-09-22,304.07171630859375,289.4744873046875
2016-09-23,300.07550048828125,292.1995849609375
2016-09-24,302.0931701660156,289.767822265625
2016-09-25,298.9801025390625,291.44140625
2016-09-26,298.2037658691406,290.4628601074219
2016-09-27,298.7197265625,289.9555969238281
2016-09-28,297.480712890625,289.9886474609375
2016-09-29,297.666748046875,289.6653137207031
2016-09-30,300.70758056640625,290.5608215332031
2016-10-01,301.812255859375,293.09368896484375
2016-10-02,303.2705993652344,290.9298400878906
2016-10-03,302.72637939453125,293.5274353027344
2016-10-04,302.95263671875,292.73663330078125
2016-10-05,300.3205871582031,291.6148376464844
2016-10-06,301.56890869140625,290.3363342285156
2016-10-07,301.7530212402344,290.6949157714844
2016-10-08,302.0602722167969,288.97894287109375
2016-10-09,296.39617919921875,288.0234069824219
2016-10-10,297.351806640625,286.32928466796875
2016-10-11,300.28143310546875,287.87225341796875
2016-10-12,300.28936767578125,289.6838684082031
2016-10-13,306.4808044433594,294.4299621582031
2016-10-14,302.3951416015625,293.11053466796875
2016-10-15,300.711669921875,289.331787109375
2016-10-16,299.7597961425781,287.3469543457031
2016-10-17,300.13922119140625,288.825439453125
2016-10-18,302.3344421386719,286.6880187988281
2016-10-19,299.0763244628906,290.77191162109375
2016-10-20,298.5531005859375,288.98724365234375
2016-10-21,298.2796630859375,290.5189208984375
2016-10-22,300.5345458984375,289.2397155761719
2016-10-23,305.0377197265625,291.5225830078125
2016-10-24,307.49542236328125,292.41058349609375
2016-10-25,308.25457763671875,293.2277526855469
2016-10-26,307.1390075683594,291.2463073730469
2016-10-27,299.0404357910156,291.95599365234375
2016-10-28,295.3743591308594,289.94891357421875
2016-10-29,294.980712890625,286.6798400878906
2016-10-30,295.66357421875,284.81341552734375
2016-10-31,295.4732666015625,284.4844055175781
2016-11-01,296.32684326171875,284.2462158203125
2016-11-02,299.07598876953125,282.5510559082031
2016-11-03,297.5161437988281,285.80255126953125
2016-11-04,299.5806579589844,284.1653137207031
2016-11-05,302.1866455078125,284.8075866699219
2016-11-06,303.7044372558594,292.2806091308594
2016-11-07,295.4696960449219,286.6697692871094
2016-11-08,290.8636169433594,283.2786865234375
2016-11-09,289.9232177734375,282.5503845214844
2016-11-10,290.7684326171875,285.3312683105469
2016-11-11,292.96923828125,284.3040771484375
2016-11-12,290.9642639160156,284.41619873046875
2016-11-13,295.078857421875,282.7911071777344
2016-11-14,294.239013671875,283.91143798828125
2016-11-15,291.8871765136719,284.55682373046875
2016-11-16,297.31097412109375,290.0169677734375
2016-11-17,294.5986328125,287.4484558105469
2016-11-18,293.1832580566406,285.930419921875
2016-11-19,292.0794677734375,284.9618835449219
2016-11-20,292.2015075683594,285.7318420410156
2016-11-21,295.0086975097656,284.1553955078125
2016-11-22,297.0660705566406,282.70477294921875
2016-11-23,296.4376220703125,287.1221923828125
2016-11-24,294.03509521484375,285.0477600097656
2016-11-25,291.96038818359375,282.408935546875
2016-11-26,292.2177734375,279.80657958984375
2016-11-27,292.2445983886719,278.6746520996094
2016-11-28,291.99102783203125,278.81353759765625
2016-11-29,288.9974365234375,283.0649719238281
2016-11-30,289.3098449707031,280.251953125
2016-12-01,290.260009765625,277.4562683105469
2016-12-02,290.8601379394531,276.43157958984375
2016-12-03,288.8674011230469,278.2835388183594
2016-12-04,292.1742248535156,278.29534912109375
2016-12-05,290.79949951171875,285.116455078125
2016-12-06,292.8721923828125,284.2193908691406
2016-12-07,291.50616455078125,284.0802001953125
2016-12-08,289.59039306640625,287.03631591796875
2016-12-09,290.9931945800781,284.8171691894531
2016-12-10,290.6042785644531,281.6519470214844
2016-12-11,291.0478210449219,279.2936096191406
2016-12-12,291.19012451171875,280.781982421875
2016-12-13,290.421142578125,284.9610290527344
2016-12-14,291.97442626953125,282.18963623046875
2016-12-15,289.5896911621094,282.0785827636719
2016-12-16,287.42169189453125,284.46441650390625
2016-12-17,289.4123229980469,285.5115051269531
2016-12-18,287.6908264160156,285.81329345703125
2016-12-19,290.60089111328125,286.40386962890625
2016-12-20,290.56610107421875,283.3923645019531
2016-12-21,290.3387145996094,283.8952941894531
2016-12-22,287.27899169921875,282.3079833984375
2016-12-23,290.92828369140625,283.22967529296875
2016-12-24,290.4192810058594,284.2424621582031
2016-12-25,289.8200378417969,286.49285888671875
2016-12-26,290.2490234375,283.7928771972656
2016-12-27,290.6473388671875,280.5501708984375
2016-12-28,290.7082214355469,281.4078369140625
2016-12-29,289.3382568359375,280.9103698730469
2016-12-30,285.6192932128906,280.6501770019531
2016-12-31,285.8114013671875,278.35174560546875
2017-01-01,286.53082275390625,277.2705078125
2017-01-02,288.5133972167969,275.37042236328125
2017-01-03,289.9187927246094,275.79266357421875
2017-01-04,288.26995849609375,284.5345153808594
2017-01-05,288.67779541015625,282.82904052734375
2017-01-06,283.3106994628906,276.865478515625
2017-01-07,282.418701171875,276.844970703125
2017-01-08,284.6883850097656,279.66754150390625
2017-01-09,284.9393310546875,278.1526794433594
2017-01-10,284.3916015625,276.592041015625
2017-01-11,284.42047119140625,279.2448425292969
2017-01-12,287.3351745605469,274.8135986328125
2017-01-13,289.09234619140625,277.86004638671875
2017-01-14,284.65521240234375,279.62982177734375
2017-01-15,280.49658203125,277.6757507324219
2017-01-16,282.0564880371094,278.31573486328125
2017-01-17,279.4263000488281,276.40460205078125
2017-01-18,283.0549621582031,277.9162292480469
2017-01-19,286.40997314453125,275.41912841796875
2017-01-20,287.3988037109375,274.631103515625
2017-01-21,287.3523254394531,280.7223815917969
2017-01-22,287.9555358886719,276.8301696777344
2017-01-23,285.6678161621094,276.2530212402344
2017-01-24,285.9579162597656,278.2683410644531
2017-01-25,286.9166259765625,279.6226501464844
2017-01-26,289.7904357910156,275.346435546875
2017-01-27,289.1235046386719,276.449462890625
2017-01-28,285.88323974609375,279.9013977050781
2017-01-29,286.6771240234375,280.41015625
2017-01-30,288.1483154296875,279.0987854003906
2017-01-31,291.4656677246094,277.2967529296875
2017-02-01,291.4422912597656,279.19976806640625
2017-02-02,292.9963684082031,279.6728515625
2017-02-03,292.5434265136719,278.12408447265625
2017-02-04,292.1387634277344,279.7413330078125
2017-02-05,293.03271484375,279.68829345703125
2017-02-06,284.1139831542969,282.24395751953125
2017-02-07,287.507568359375,283.771484375
2017-02-08,290.6276550292969,280.1046447753906
2017-02-09,284.3632507324219,280.3946228027344
2017-02-10,287.6064453125,281.74810791015625
2017-02-11,289.8874816894531,277.52398681640625
2017-02-12,290.6941223144531,280.19366455078125
2017-02-13,292.1125183105469,284.0671081542969
2017-02-14,290.0919494628906,284.11041259765625
2017-02-15,289.5998229980469,281.5279846191406
2017-02-16,289.12921142578125,279.9118347167969
2017-02-17,290.933349609375,277.45379638671875
2017-02-18,287.4228515625,279.7295837402344
2017-02-19,288.705078125,278.0550537109375
2017-02-20,289.3290710449219,276.6509704589844
2017-02-21,289.6043701171875,276.225341796875
2017-02-22,291.0978698730469,276.4759826660156
2017-02-23,294.426513671875,279.46649169921875
2017-02-24,296.913330078125,285.2480163574219
2017-02-25,288.641845703125,282.5963134765625
2017-02-26,288.4019775390625,282.055419921875
2017-02-27,290.1205139160156,281.57696533203125
2017-02-28,293.5232849121094,278.6390075683594
2017-03-01,290.71307373046875,281.6533508300781
2017-03-02,294.2548522949219,279.3509826660156
2017-03-03,295.7564392089844,280.8370666503906
2017-03-04,290.8642272949219,284.8735656738281
2017-03-05,291.7713317871094,282.2269592285156
2017-03-06,291.8984375,283.36383056640625
2017-03-07,289.5344543457031,285.5728454589844
2017-03-08,289.7520751953125,284.1122741699219
2017-03-09,289.541015625,284.4052429199219
2017-03-10,293.57733154296875,285.1526794433594
2017-03-11,292.0162658691406,281.92333984375
2017-03-12,294.6057434082031,277.2826843261719
2017-03-13,293.8349304199219,281.3231506347656
2017-03-14,290.8199157714844,284.1898193359375
2017-03-15,288.9671936035156,281.4123840332031
2017-03-16,289.0962829589844,279.82958984375
2017-03-17,291.543212890625,278.29583740234375
2017-03-18,294.02459716796875,277.4565734863281
2017-03-19,294.7738952636719,278.317626953125
2017-03-20,295.1560363769531,279.4880065917969
2017-03-21,291.08001708984375,284.35028076171875
2017-03-22,292.4615783691406,283.84307861328125
2017-03-23,297.2479248046875,281.4810485839844
2017-03-24,295.14434814453125,285.37713623046875
2017-03-25,287.87750244140625,282.3591613769531
2017-03-26,292.8822021484375,280.8257141113281
2017-03-27,293.7956848144531,279.7973327636719
2017-03-28,288.8400573730469,282.5155944824219
2017-03-29,289.9922180175781,280.7604675292969
2017-03-30,293.1916809082031,280.5281677246094
2017-03-31,297.2952575683594,279.49285888671875
2017-04-01,298.6415100097656,282.3038330078125
2017-04-02,289.13787841796875,282.8824157714844
2017-04-03,287.6587829589844,283.2608642578125
2017-04-04,290.69415283203125,285.965576171875
2017-04-05,293.7257080078125,284.8069152832031
2017-04-06,293.3202819824219,283.0136413574219
2017-04-07,290.2237243652344,284.15924072265625
2017-04-08,291.6676025390625,284.3316345214844
2017-04-09,290.4969482421875,285.56475830078125
2017-04-10,292.6918029785156,283.7301025390625
2017-04-11,293.94366455078125,282.5899353027344
2017-04-12,293.7540283203125,283.825927734375
2017-04-13,295.44024658203125,281.9288330078125
2017-04-14,297.82598876953125,281.70989990234375
2017-04-15,298.78900146484375,283.4493103027344
2017-04-16,293.89971923828125,285.8677978515625
2017-04-17,294.3605041503906,283.32647705078125
2017-04-18,297.5054626464844,280.9273376464844
2017-04-19,293.27685546875,284.3175354003906
2017-04-20,291.7044372558594,283.4945068359375
2017-04-21,290.2115478515625,278.6550598144531
2017-04-22,292.3914794921875,276.3476867675781
2017-04-23,298.1985778808594,278.44781494140625
2017-04-24,299.4070129394531,281.4556579589844
2017-04-25,298.8077087402344,283.9947509765625
2017-04-26,303.443115234375,286.92169189453125
2017-04-27,302.8894958496094,290.9170227050781
2017-04-28,292.7736511230469,287.7381591796875
2017-04-29,293.06903076171875,285.5721740722656
2017-04-30,297.2764587402344,284.6313171386719
2017-05-01,298.01568603515625,285.5400390625
2017-05-02,294.5588073730469,285.07470703125
2017-05-03,298.5785217285156,284.3399963378906
2017-05-04,303.114990234375,288.5594177246094
2017-05-05,307.0230712890625,290.9698791503906
2017-05-06,299.9154357910156,289.4632263183594
2017-05-07,297.31689453125,287.7529296875
2017-05-08,295.7192687988281,286.22198486328125
2017-05-09,299.02581787109375,285.8240051269531
2017-05-10,303.6990051269531,287.2122497558594
2017-05-11,304.7920227050781,289.7467041015625
2017-05-12,302.594970703125,290.164306640625
2017-05-13,301.0621643066406,289.2568054199219
2017-05-14,301.14617919921875,287.9832763671875
2017-05-15,299.489501953125,288.0749206542969
2017-05-16,299.00726318359375,287.4315490722656
2017-05-17,300.532470703125,286.34832763671875
2017-05-18,303.36700439453125,287.8161926269531
2017-05-19,298.84771728515625,290.4696044921875
2017-05-20,297.5735778808594,288.5173034667969
2017-05-21,296.6906433105469,285.2635803222656
2017-05-22,300.44189453125,283.4356689453125
2017-05-23,300.9000549316406,287.035888671875
2017-05-24,302.0181884765625,288.4410400390625
2017-05-25,304.6903991699219,288.0460205078125
2017-05-26,301.7907409667969,287.6397399902344
2017-05-27,300.92425537109375,288.23077392578125
2017-05-28,300.7318115234375,287.5104064941406
2017-05-29,302.3868103027344,286.1480712890625
2017-05-30,303.4214172363281,288.77703857421875
2017-05-31,302.6080322265625,290.0221862792969
2017-06-01,305.5337829589844,291.87933349609375
2017-06-02,305.47467041015625,292.8496398925781
2017-06-03,305.2192077636719,290.70501708984375
2017-06-04,305.203125,290.56072998046875
2017-06-05,301.59033203125,290.39093017578125
2017-06-06,296.9980163574219,289.88482666015625
2017-06-07,299.41961669921875,290.7397766113281
2017-06-08,301.4219970703125,289.25665283203125
2017-06-09,306.7474060058594,289.07568359375
2017-06-10,303.18505859375,292.3206787109375
2017-06-11,302.7845764160156,290.7380065917969
2017-06-12,303.50189208984375,289.8042297363281
2017-06-13,305.4844970703125,290.1524963378906
2017-06-14,309.479736328125,291.7786865234375
2017-06-15,308.2953186035156,293.05126953125
2017-06-16,307.890869140625,292.3554992675781
2017-06-17,306.078125,294.404541015625
2017-06-18,304.92633056640625,292.31805419921875
2017-06-19,303.5853271484375,291.7857360839844
2017-06-20,306.843017578125,290.1695861816406
2017-06-21,308.78399658203125,294.0166015625
2017-06-22,306.9673767089844,294.4576110839844
2017-06-23,306.56494140625,295.09136962890625
2017-06-24,308.04205322265625,292.2857360839844
2017-06-25,310.167236328125,294.99871826171875
2017-06-26,313.880126953125,294.7259216308594
2017-06-27,313.308837890625,298.8085021972656
2017-06-28,310.8929443359375,296.65789794921875
2017-06-29,309.2817077636719,294.7154235839844
2017-06-30,303.7190246582031,295.532470703125
2017-07-01,302.5921630859375,295.19256591796875
2017-07-02,300.7540588378906,294.1264953613281
2017-07-03,301.06927490234375,292.1246032714844
2017-07-04,304.432861328125,290.2289733886719
2017-07-05,308.26025390625,292.1808166503906
2017-07-06,309.6240539550781,292.6639099121094
2017-07-07,310.436279296875,293.50689697265625
2017-07-08,311.31048583984375,294.3497314453125
2017-07-09,312.13555908203125,295.0826110839844
2017-07-10,313.01416015625,295.3007507324219
2017-07-11,316.4886779785156,296.5331726074219
2017-07-12,313.9871826171875,297.93096923828125
2017-07-13,309.303466796875,296.47821044921875
2017-07-14,307.0347900390625,296.34478759765625
2017-07-15,305.32916259765625,295.9797058105469
2017-07-16,304.59649658203125,295.5802001953125
2017-07-17,304.3790283203125,293.44866943359375
2017-07-18,305.61627197265625,292.2527770996094
2017-07-19,311.29998779296875,295.3290100097656
2017-07-20,311.656982421875,295.785888671875
2017-07-21,312.8705139160156,298.4320068359375
2017-07-22,311.96728515625,299.06903076171875
2017-07-23,313.22802734375,298.79302978515625
2017-07-24,306.66864013671875,296.30755615234375
2017-07-25,303.9534606933594,295.54156494140625
2017-07-26,303.1842041015625,294.5306701660156
2017-07-27,302.9035339355469,294.33837890625
2017-07-28,308.8724670410156,293.07940673828125
2017-07-29,311.664794921875,295.15728759765625
2017-07-30,314.0094299316406,297.8799133300781
2017-07-31,313.35418701171875,299.190185546875
2017-08-01,313.2073059082031,298.1872253417969
2017-08-02,312.57977294921875,296.0763244628906
2017-08-03,312.9820251464844,295.9661560058594
2017-08-04,314.539306640625,296.14666748046875
2017-08-05,313.9056091308594,297.8221130371094
2017-08-06,313.7272033691406,296.89013671875
2017-08-07,312.32391357421875,298.1229553222656
2017-08-08,314.6946105957031,298.50506591796875
2017-08-09,315.1123352050781,299.1695251464844
2017-08-10,307.1702880859375,297.3810119628906
2017-08-11,302.8794860839844,296.11724853515625
2017-08-12,301.4338684082031,294.7562561035156
2017-08-13,303.83843994140625,293.2761535644531
2017-08-14,308.51202392578125,293.899658203125
2017-08-15,309.0483093261719,296.3454284667969
2017-08-16,309.0544128417969,295.5213317871094
2017-08-17,308.678955078125,294.8570861816406
2017-08-18,309.3006591796875,295.12554931640625
2017-08-19,310.8492736816406,295.977783203125
2017-08-20,305.7887268066406,296.0213928222656
2017-08-21,302.91607666015625,293.75531005859375
2017-08-22,304.64654541015625,292.2306213378906
2017-08-23,305.68890380859375,291.59869384765625
2017-08-24,306.3836669921875,292.53564453125
2017-08-25,308.80810546875,295.05560302734375
2017-08-26,309.7225341796875,293.9281005859375
2017-08-27,310.285888671875,294.06298828125
2017-08-28,310.7893371582031,294.22601318359375
2017-08-29,310.0234069824219,295.06134033203125
2017-08-30,309.96563720703125,296.28564453125
2017-08-31,311.2829284667969,294.9976806640625
2017-09-01,310.5052795410156,296.96923828125
2017-09-02,303.3638916015625,295.2645263671875
2017-09-03,301.67779541015625,292.4095153808594
2017-09-04,305.47149658203125,292.1177978515625
2017-09-05,304.3412780761719,293.53680419921875
2017-09-06,305.53997802734375,293.22821044921875
2017-09-07,301.04241943359375,294.5053405761719
2017-09-08,301.14404296875,291.9928894042969
2017-09-09,307.7322692871094,289.7147216796875
2017-09-10,305.17950439453125,289.41619873046875
2017-09-11,299.11773681640625,289.31121826171875
2017-09-12,307.1882629394531,288.7314758300781
2017-09-13,301.75604248046875,293.3576965332031
2017-09-14,306.1225891113281,291.55413818359375
2017-09-15,308.47601318359375,290.39080810546875
2017-09-16,309.4865417480469,294.1290588378906
2017-09-17,301.4447326660156,291.8562316894531
2017-09-18,303.7452392578125,289.9650573730469
2017-09-19,298.6402282714844,292.1991271972656
2017-09-20,297.9798278808594,288.5477294921875
2017-09-21,300.1463928222656,286.68646240234375
2017-09-22,305.39691162109375,287.96728515625
2017-09-23,304.36126708984375,292.004150390625
2017-09-24,301.42791748046875,292.3277893066406
2017-09-25,300.7607116699219,290.8346252441406
2017-09-26,302.69732666015625,288.89239501953125
2017-09-27,300.1865539550781,289.79168701171875
2017-09-28,298.79217529296875,287.783935546875
2017-09-29,298.6923828125,287.4736328125
2017-09-30,300.25439453125,287.03485107421875
2017-10-01,300.8235168457031,287.7001037597656
2017-10-02,295.50701904296875,290.0641174316406
2017-10-03,297.93231201171875,288.7729797363281
2017-10-04,295.3456115722656,292.1205139160156
2017-10-05,296.3155517578125,291.38482666015625
2017-10-06,298.1182861328125,289.9039001464844
2017-10-07,296.72467041015625,285.3636474609375
2017-10-08,297.3284606933594,283.5069580078125
2017-10-09,298.0726013183594,285.5291442871094
2017-10-10,298.2305603027344,286.6876525878906
2017-10-11,299.1393127441406,286.0758361816406
2017-10-12,298.55303955078125,288.0421142578125
2017-10-13,298.205322265625,287.8115539550781
2017-10-14,296.9892883300781,287.3476257324219
2017-10-15,297.68280029296875,286.9343566894531
2017-10-16,299.33544921875,285.27099609375
2017-10-17,299.9336853027344,284.90496826171875
2017-10-18,300.3758544921875,285.0213317871094
2017-10-19,301.48486328125,286.3700256347656
2017-10-20,294.9765930175781,290.77325439453125
2017-10-21,297.2378234863281,290.482666015625
2017-10-22,296.952392578125,289.4039611816406
2017-10-23,294.2158203125,290.5920104980469
2017-10-24,295.7511291503906,287.84405517578125
2017-10-25,296.0877685546875,286.62432861328125
2017-10-26,296.7660217285156,285.62738037109375
2017-10-27,298.17193603515625,282.64739990234375
2017-10-28,295.68414306640625,288.4297180175781
2017-10-29,295.9698181152344,288.50506591796875
2017-10-30,296.00445556640625,285.4859924316406
2017-10-31,296.6231689453125,284.213623046875
2017-11-01,295.87591552734375,285.3294677734375
2017-11-02,297.37872314453125,284.1375427246094
2017-11-03,300.9872131347656,283.3818054199219
2017-11-04,300.78961181640625,284.0506286621094
2017-11-05,297.9519958496094,288.0963134765625
2017-11-06,289.1681823730469,282.51629638671875
2017-11-07,289.19921875,282.2811279296875
2017-11-08,293.5041198730469,283.81036376953125
2017-11-09,294.8581237792969,280.5951843261719
2017-11-10,289.8043212890625,285.14044189453125
2017-11-11,291.7422180175781,284.87225341796875
2017-11-12,291.04571533203125,284.9869384765625
2017-11-13,290.1476745605469,281.8079833984375
2017-11-14,284.7810974121094,281.4261779785156
2017-11-15,286.8543701171875,281.86920166015625
2017-11-16,289.761474609375,283.9479675292969
2017-11-17,290.46759033203125,284.12164306640625
2017-11-18,290.9154357910156,283.23406982421875
2017-11-19,290.8472595214844,283.89178466796875
2017-11-20,291.90826416015625,282.45111083984375
2017-11-21,293.0854187011719,280.1036682128906
2017-11-22,293.6265869140625,277.7491760253906
2017-11-23,293.08489990234375,281.40643310546875
2017-11-24,293.3992919921875,281.2503356933594
2017-11-25,295.35546875,279.2121276855469
2017-11-26,289.07305908203125,285.1961975097656
2017-11-27,287.7026672363281,283.67315673828125
2017-11-28,289.7380065917969,279.7353210449219
2017-11-29,298.09356689453125,279.6734924316406
2017-11-30,288.6858825683594,282.64697265625
2017-12-01,286.7471923828125,279.3618469238281
2017-12-02,282.6580810546875,276.65814208984375
2017-12-03,285.79638671875,276.42913818359375
2017-12-04,285.31195068359375,281.2217712402344
2017-12-05,287.9778137207031,280.4709167480469
2017-12-06,288.4839172363281,279.07684326171875
2017-12-07,288.0796203613281,275.8063049316406
2017-12-08,290.1092834472656,276.666748046875
2017-12-09,287.33294677734375,278.8996276855469
2017-12-10,289.8871154785156,280.5718994140625
2017-12-11,294.00189208984375,281.534912109375
2017-12-12,294.2254333496094,283.42926025390625
2017-12-13,288.86932373046875,282.2056579589844
2017-12-14,290.0299072265625,277.4649963378906
2017-12-15,294.006591796875,277.07275390625
2017-12-16,285.76507568359375,281.4827575683594
2017-12-17,283.8915710449219,280.84490966796875
2017-12-18,284.6648864746094,279.1071472167969
2017-12-19,286.2716979980469,277.800048828125
2017-12-20,286.3233947753906,275.9890441894531
2017-12-21,283.546630859375,278.57537841796875
2017-12-22,286.8203125,278.7462158203125
2017-12-23,289.0666198730469,279.08404541015625
2017-12-24,289.3674011230469,277.3424377441406
2017-12-25,289.4733581542969,276.24755859375
2017-12-26,289.5283203125,277.0373229980469
2017-12-27,288.2242126464844,278.2650451660156
2017-12-28,285.9089660644531,281.8326721191406
2017-12-29,287.4814758300781,283.4534606933594
2017-12-30,291.5442810058594,284.54339599609375
2017-12-31,293.5035095214844,281.30572509765625
2018-01-01,289.85650634765625,280.4527587890625
2018-01-02,289.3873596191406,283.7312927246094
2018-01-03,291.4084167480469,286.947021484375
2018-01-04,292.65838623046875,288.08367919921875
2018-01-05,294.7291259765625,282.2950744628906
2018-01-06,295.4729309082031,279.92864990234375
2018-01-07,293.2419128417969,283.5835266113281
2018-01-08,293.9892883300781,283.035888671875
2018-01-09,286.8949890136719,280.1978454589844
2018-01-10,289.0848693847656,278.8890380859375
2018-01-11,287.4647216796875,281.4425354003906
2018-01-12,284.438720703125,281.41473388671875
2018-01-13,286.42279052734375,277.71038818359375
2018-01-14,288.5298156738281,277.373291015625
2018-01-15,288.8612365722656,278.7415771484375
2018-01-16,289.13232421875,278.212890625
2018-01-17,291.3519287109375,280.0206604003906
2018-01-18,289.2001647949219,279.6135559082031
2018-01-19,289.6013488769531,277.27777099609375
2018-01-20,289.10150146484375,283.15814208984375
2018-01-21,290.52960205078125,285.3616943359375
2018-01-22,291.52850341796875,287.57464599609375
2018-01-23,290.00360107421875,285.1949768066406
2018-01-24,289.72308349609375,280.615478515625
2018-01-25,293.16680908203125,278.83026123046875
2018-01-26,291.791748046875,279.26519775390625
2018-01-27,290.7293701171875,280.1885986328125
2018-01-28,289.4627990722656,278.3988342285156
2018-01-29,288.94964599609375,281.1174621582031
2018-01-30,290.3336486816406,279.1886901855469
2018-01-31,291.1826171875,276.7868957519531
2018-02-01,292.4542541503906,277.6872253417969
2018-02-02,296.4167175292969,283.9225158691406
2018-02-03,285.2408447265625,278.5837707519531
2018-02-04,286.95245361328125,276.95819091796875
2018-02-05,289.40472412109375,275.8868713378906
2018-02-06,291.5150451660156,277.6925964355469
2018-02-07,287.2165832519531,278.5320129394531
2018-02-08,287.5951843261719,277.718994140625
2018-02-09,287.08563232421875,276.65631103515625
2018-02-10,283.7416687011719,278.9616394042969
2018-02-11,284.415283203125,279.0118408203125
2018-02-12,290.5029296875,280.4064025878906
2018-02-13,283.9501037597656,278.5127868652344
2018-02-14,283.14324951171875,278.2562561035156
2018-02-15,286.2942810058594,281.357666015625
2018-02-16,288.40936279296875,282.72052001953125
2018-02-17,290.1543273925781,281.8783874511719
2018-02-18,288.4383239746094,283.21038818359375
2018-02-19,287.48992919921875,281.7904357910156
2018-02-20,286.00689697265625,281.8215637207031
2018-02-21,286.1435852050781,282.23248291015625
2018-02-22,285.0379638671875,280.5322570800781
2018-02-23,283.6388854980469,279.4569396972656
2018-02-24,287.62506103515625,275.87969970703125
2018-02-25,285.4835510253906,281.2949523925781
2018-02-26,287.172119140625,279.29412841796875
2018-02-27,286.76043701171875,277.3180236816406
2018-02-28,295.8714904785156,278.7402038574219
2018-03-01,298.7622375488281,286.1373291015625
2018-03-02,292.4507751464844,284.8721618652344
2018-03-03,296.10699462890625,282.87188720703125
2018-03-04,295.96337890625,283.1227722167969
2018-03-05,292.9118347167969,285.9793701171875
2018-03-06,290.4509582519531,281.61724853515625
2018-03-07,290.88983154296875,279.9118347167969
2018-03-08,287.9380798339844,279.9931945800781
2018-03-09,293.3089294433594,283.75286865234375
2018-03-10,299.2904052734375,282.4660949707031
2018-03-11,292.562744140625,284.81494140625
2018-03-12,291.5719909667969,281.5533752441406
2018-03-13,292.05511474609375,281.8143615722656
2018-03-14,292.74560546875,283.7123718261719
2018-03-15,297.11456298828125,284.18170166015625
2018-03-16,294.1251525878906,282.2709655761719
2018-03-17,288.69427490234375,279.850341796875
2018-03-18,292.4364929199219,280.0096435546875
2018-03-19,288.7699890136719,280.203857421875
2018-03-20,287.9063720703125,280.704345703125
2018-03-21,283.2740173339844,280.30194091796875
2018-03-22,283.876953125,279.66864013671875
2018-03-23,284.778076171875,280.75018310546875
2018-03-24,289.7881164550781,279.7332458496094
2018-03-25,286.6089172363281,279.3203430175781
2018-03-26,287.91485595703125,282.4814147949219
2018-03-27,287.5924377441406,283.2521667480469
2018-03-28,292.5419921875,282.77362060546875
2018-03-29,298.9991455078125,281.6138610839844
2018-03-30,300.4124450683594,283.8476867675781
2018-03-31,292.8543395996094,283.0823974609375
2018-04-01,291.2252197265625,280.80706787109375
2018-04-02,298.49505615234375,278.4210510253906
2018-04-03,300.28948974609375,287.1169128417969
2018-04-04,295.52557373046875,287.0739440917969
2018-04-05,294.1505126953125,282.9060363769531
2018-04-06,296.11077880859375,280.5548400878906
2018-04-07,298.4095458984375,282.8097229003906
2018-04-08,296.05743408203125,282.94305419921875
2018-04-09,293.591796875,282.4529113769531
2018-04-10,293.7204284667969,282.82696533203125
2018-04-11,296.37335205078125,282.975341796875
2018-04-12,292.9559631347656,283.71990966796875
2018-04-13,295.79730224609375,282.9222412109375
2018-04-14,292.81060791015625,286.96685791015625
2018-04-15,292.58563232421875,284.66497802734375
2018-04-16,295.3001708984375,286.564453125
2018-04-17,291.5289001464844,285.4871826171875
2018-04-18,293.0025329589844,285.69580078125
2018-04-19,293.6814270019531,285.743896484375
2018-04-20,295.2127685546875,284.0521545410156
2018-04-21,297.3971862792969,285.2731018066406
2018-04-22,298.0478515625,285.9962158203125
2018-04-23,299.5307312011719,286.2149353027344
2018-04-24,303.2018127441406,285.75164794921875
2018-04-25,303.0203857421875,288.56829833984375
2018-04-26,298.5919494628906,289.252685546875
2018-04-27,296.43109130859375,288.3779602050781
2018-04-28,295.7212829589844,286.20037841796875
2018-04-29,300.83837890625,284.3634338378906
2018-04-30,295.01885986328125,286.4274597167969
2018-05-01,296.99639892578125,287.1821594238281
2018-05-02,288.662841796875,285.2564697265625
2018-05-03,292.2941589355469,285.3070373535156
2018-05-04,292.6831970214844,286.7035827636719
2018-05-05,294.63226318359375,284.5737609863281
2018-05-06,294.3030090332031,286.3486633300781
2018-05-07,296.34490966796875,285.17633056640625
2018-05-08,295.79400634765625,286.08740234375
2018-05-09,294.1094970703125,287.56097412109375
2018-05-10,296.97430419921875,287.8313903808594
2018-05-11,297.85479736328125,287.82330322265625
2018-05-12,299.1563720703125,288.4626770019531
2018-05-13,298.61029052734375,288.81817626953125
2018-05-14,293.7590637207031,287.87451171875
2018-05-15,295.4774169921875,285.69659423828125
2018-05-16,296.4744873046875,283.7877502441406
2018-05-17,297.66015625,286.1085510253906
2018-05-18,297.25927734375,288.3762512207031
2018-05-19,297.31402587890625,287.3240661621094
2018-05-20,297.9023132324219,287.82275390625
2018-05-21,298.9644470214844,289.3722839355469
2018-05-22,294.7342529296875,286.47967529296875
2018-05-23,299.1086120605469,285.6798400878906
2018-05-24,301.9425354003906,287.570068359375
2018-05-25,303.443115234375,288.6229248046875
2018-05-26,304.5645751953125,288.430908203125
2018-05-27,309.3393859863281,293.3099060058594
2018-05-28,303.60540771484375,292.57440185546875
2018-05-29,301.7536315917969,292.200927734375
2018-05-30,299.8052978515625,291.2209167480469
2018-05-31,302.85003662109375,289.79827880859375
2018-06-01,301.0706481933594,289.9579772949219
2018-06-02,304.63287353515625,290.7305603027344
2018-06-03,306.0771179199219,291.84979248046875
2018-06-04,300.82025146484375,290.7959289550781
2018-06-05,303.877685546875,289.4621887207031
2018-06-06,301.2921447753906,291.0954895019531
2018-06-07,299.67291259765625,289.9819641113281
2018-06-08,299.7554626464844,290.8579406738281
2018-06-09,306.78814697265625,288.7488098144531
2018-06-10,310.8542785644531,292.3782958984375
2018-06-11,302.4913635253906,292.64337158203125
2018-06-12,303.25665283203125,292.5804443359375
2018-06-13,300.5021057128906,292.3868103027344
2018-06-14,298.8924865722656,291.5224914550781
2018-06-15,298.3824462890625,291.731201171875
2018-06-16,300.358154296875,291.3603515625
2018-06-17,300.3568115234375,291.00823974609375
2018-06-18,299.471435546875,292.0864562988281
2018-06-19,300.62298583984375,291.485595703125
2018-06-20,303.0290832519531,291.0345764160156
2018-06-21,303.6988830566406,292.0610046386719
2018-06-22,305.1728515625,291.2921142578125
2018-06-23,304.52740478515625,292.073486328125
2018-06-24,303.4529724121094,291.8250427246094
2018-06-25,301.2553405761719,293.19549560546875
2018-06-26,300.40582275390625,292.37567138671875
2018-06-27,301.4309997558594,291.6566467285156
2018-06-28,305.84967041015625,288.921142578125
2018-06-29,306.6619873046875,292.33001708984375
2018-06-30,311.4440002441406,294.2350769042969
2018-07-01,309.5457458496094,294.30810546875
2018-07-02,306.3379211425781,295.6793212890625
2018-07-03,307.62322998046875,295.08135986328125
2018-07-04,311.28985595703125,295.1558837890625
2018-07-05,306.8714599609375,297.1741027832031
2018-07-06,304.06744384765625,295.2395935058594
2018-07-07,305.7914123535156,293.5260925292969
2018-07-08,307.8321838378906,294.7212219238281
2018-07-09,305.550537109375,294.2088317871094
2018-07-10,305.84356689453125,294.36236572265625
2018-07-11,309.3646545410156,293.9216613769531
2018-07-12,313.00933837890625,296.7676696777344
2018-07-13,315.5793762207031,297.2573547363281
2018-07-14,306.7341003417969,296.8074951171875
2018-07-15,310.92742919921875,295.4225158691406
2018-07-16,308.4783935546875,296.64202880859375
2018-07-17,304.8522033691406,295.18157958984375
2018-07-18,307.4691162109375,292.8587951660156
2018-07-19,308.2275390625,296.0745849609375
2018-07-20,309.96234130859375,295.7595520019531
2018-07-21,312.1293640136719,298.1206359863281
2018-07-22,308.3069152832031,297.7479248046875
2018-07-23,304.403564453125,295.236572265625
2018-07-24,304.4700622558594,293.56207275390625
2018-07-25,307.48773193359375,291.6582946777344
2018-07-26,308.369140625,294.23297119140625
2018-07-27,308.484619140625,294.8034362792969
2018-07-28,309.7217102050781,296.130615234375
2018-07-29,310.1741027832031,297.29052734375
2018-07-30,308.00848388671875,294.68353271484375
2018-07-31,307.47125244140625,293.12945556640625
2018-08-01,308.0324401855469,294.0449523925781
2018-08-02,308.43524169921875,295.4675598144531
2018-08-03,308.26287841796875,296.3194885253906
2018-08-04,304.8964538574219,294.6341552734375
2018-08-05,303.3884582519531,293.49017333984375
2018-08-06,302.531494140625,295.5733642578125
2018-08-07,301.15472412109375,295.7337341308594
2018-08-08,305.3991394042969,295.00054931640625
2018-08-09,307.16387939453125,295.7219543457031
2018-08-10,307.437744140625,297.23345947265625
2018-08-11,307.0036315917969,296.6595153808594
2018-08-12,306.8128967285156,295.8963623046875
2018-08-13,305.8113708496094,296.6916198730469
2018-08-14,308.27459716796875,295.3336181640625
2018-08-15,303.488037109375,296.5440979003906
2018-08-16,303.7867431640625,295.3324890136719
2018-08-17,305.5955810546875,293.8110656738281
2018-08-18,304.42779541015625,293.8621826171875
2018-08-19,303.4442138671875,294.44012451171875
2018-08-20,299.9910888671875,294.1875
2018-08-21,299.4957275390625,293.998779296875
2018-08-22,302.89599609375,292.6898193359375
2018-08-23,302.5876159667969,293.49029541015625
2018-08-24,301.91912841796875,295.1638488769531
2018-08-25,303.8572692871094,295.7095947265625
2018-08-26,304.16021728515625,292.363525390625
2018-08-27,302.5466613769531,292.3873596191406
2018-08-28,302.9850769042969,291.31158447265625
2018-08-29,304.7134094238281,292.4859619140625
2018-08-30,305.4308166503906,292.0653076171875
2018-08-31,306.2929992675781,292.6871643066406
2018-09-01,306.35528564453125,294.125244140625
2018-09-02,304.9981689453125,295.0123291015625
2018-09-03,306.5469055175781,294.7127990722656
2018-09-04,308.5835266113281,296.27801513671875
2018-09-05,310.0868225097656,296.38507080078125
2018-09-06,306.89227294921875,295.6460876464844
2018-09-07,304.0758972167969,296.2137451171875
2018-09-08,302.2099304199219,295.2879638671875
2018-09-09,305.2287902832031,295.6692199707031
2018-09-10,307.00616455078125,296.0935363769531
2018-09-11,305.2825927734375,295.7586364746094
2018-09-12,304.9759521484375,295.0318603515625
2018-09-13,299.2866516113281,294.12225341796875
2018-09-14,302.175048828125,293.7416076660156
2018-09-15,304.7330627441406,292.21490478515625
2018-09-16,305.2604675292969,293.96697998046875
2018-09-17,306.4287109375,294.8388366699219
2018-09-18,303.91314697265625,296.7204284667969
2018-09-19,305.23675537109375,294.79473876953125
2018-09-20,299.32958984375,293.6419982910156
2018-09-21,300.3965759277344,294.1617431640625
2018-09-22,299.14361572265625,295.0543212890625
2018-09-23,302.2277526855469,293.5417785644531
2018-09-24,302.7948913574219,293.65802001953125
2018-09-25,302.17816162109375,293.2364501953125
2018-09-26,298.67340087890625,290.7692565917969
2018-09-27,297.5527038574219,289.4211120605469
2018-09-28,298.6848449707031,289.2226257324219
2018-09-29,299.6918640136719,290.0447998046875
2018-09-30,302.05487060546875,289.999755859375
2018-10-01,301.2956237792969,288.9459228515625
2018-10-02,293.9879150390625,288.4497985839844
2018-10-03,294.4626159667969,288.0721435546875
2018-10-04,296.9676208496094,287.7330627441406
2018-10-05,296.9251708984375,287.0875549316406
2018-10-06,301.5116271972656,288.0248107910156
2018-10-07,302.9285888671875,288.1520080566406
2018-10-08,303.00994873046875,290.0899963378906
2018-10-09,300.7725830078125,291.239990234375
2018-10-10,301.16455078125,292.74029541015625
2018-10-11,302.95660400390625,292.35748291015625
2018-10-12,301.0269470214844,290.3205261230469
2018-10-13,295.8558349609375,290.5408935546875
2018-10-14,297.4110107421875,289.4434509277344
2018-10-15,301.997802734375,288.02227783203125
2018-10-16,297.93609619140625,290.17010498046875
2018-10-17,294.5164794921875,288.5932922363281
2018-10-18,297.2519836425781,288.80328369140625
2018-10-19,299.1119079589844,287.2673034667969
2018-10-20,298.5035095214844,289.58709716796875
2018-10-21,298.70843505859375,290.77899169921875
2018-10-22,294.6329650878906,288.2492980957031
2018-10-23,293.4773864746094,288.6644287109375
2018-10-24,296.2563781738281,287.36260986328125
2018-10-25,297.5008239746094,288.5857849121094
2018-10-26,300.63446044921875,285.97894287109375
2018-10-27,300.87786865234375,288.7208251953125
2018-10-28,299.9306945800781,293.9806213378906
2018-10-29,298.2322998046875,286.1788635253906
2018-10-30,294.12738037109375,283.7513122558594
2018-10-31,297.2679748535156,282.39361572265625
2018-11-01,298.3379821777344,288.4075012207031
2018-11-02,293.768798828125,286.6634216308594
2018-11-03,289.0669860839844,285.7045593261719
2018-11-04,290.5157775878906,285.519287109375
2018-11-05,296.075439453125,282.5467224121094
2018-11-06,294.1328430175781,282.80987548828125
2018-11-07,294.5411376953125,283.7965393066406
2018-11-08,294.8310241699219,282.37109375
2018-11-09,296.335205078125,282.5450439453125
2018-11-10,290.6612854003906,283.795166015625
2018-11-11,293.5563659667969,284.2513122558594
2018-11-12,295.4788513183594,283.5897521972656
2018-11-13,295.596923828125,287.6148986816406
2018-11-14,296.0277404785156,286.4698486328125
2018-11-15,294.1126403808594,284.7067565917969
2018-11-16,292.4006652832031,283.622314453125
2018-11-17,291.6419982910156,284.21722412109375
2018-11-18,292.60595703125,282.9477233886719
2018-11-19,293.8599548339844,284.7279357910156
2018-11-20,292.6255798339844,282.5276184082031
2018-11-21,294.4792175292969,282.5453796386719
2018-11-22,296.275390625,280.6654357910156
2018-11-23,296.6004943847656,281.175048828125
2018-11-24,291.99713134765625,282.1713562011719
2018-11-25,289.25341796875,282.87640380859375
2018-11-26,292.5430603027344,282.8194580078125
2018-11-27,288.0432434082031,284.8847351074219
2018-11-28,290.44189453125,286.60577392578125
2018-11-29,290.98406982421875,281.6498718261719
2018-11-30,291.9902038574219,277.9949951171875
2018-12-01,287.8646545410156,285.3558349609375
2018-12-02,289.546142578125,282.242431640625
2018-12-03,291.6858215332031,282.3229675292969
2018-12-04,292.56951904296875,285.0951843261719
2018-12-05,292.34674072265625,282.34912109375
2018-12-06,293.96356201171875,280.5788269042969
2018-12-07,290.9772033691406,284.71392822265625
2018-12-08,289.5224609375,283.4423828125
2018-12-09,290.50140380859375,286.40216064453125
2018-12-10,290.4645080566406,286.9305725097656
2018-12-11,289.9571838378906,281.0941162109375
2018-12-12,289.8663024902344,280.42938232421875
2018-12-13,291.9300231933594,282.4609069824219
2018-12-14,285.16259765625,281.83026123046875
2018-12-15,287.40216064453125,284.6315002441406
2018-12-16,292.057373046875,283.9813232421875
2018-12-17,289.2345275878906,284.22088623046875
2018-12-18,289.0597229003906,278.8868103027344
2018-12-19,291.0237121582031,276.080078125
2018-12-20,290.4665832519531,279.1552734375
2018-12-21,290.0035400390625,279.7014465332031
2018-12-22,289.6074523925781,279.3348693847656
2018-12-23,291.20733642578125,281.33587646484375
2018-12-24,292.1459045410156,279.4981689453125
2018-12-25,288.546142578125,280.63330078125
2018-12-26,288.4162292480469,278.2969665527344
2018-12-27,288.3736267089844,275.28521728515625
2018-12-28,287.7026672363281,274.8349914550781
2018-12-29,288.1227722167969,279.3503723144531
2018-12-30,289.18865966796875,278.67071533203125
2018-12-31,288.6983337402344,281.1927185058594
2019-01-01,288.7137451171875,281.9441223144531
2019-01-02,289.48834228515625,284.7560119628906
2019-01-03,286.711181640625,276.3590087890625
2019-01-04,284.1947937011719,274.8341369628906
2019-01-05,285.327392578125,276.07843017578125
2019-01-06,287.0276794433594,283.0107727050781
2019-01-07,287.2071228027344,281.7891540527344
2019-01-08,286.8427429199219,281.5474853515625
2019-01-09,285.73876953125,283.76275634765625
2019-01-10,284.0362854003906,278.2807312011719
2019-01-11,281.8546142578125,277.07647705078125
2019-01-12,283.3927001953125,277.8857421875
2019-01-13,285.6398010253906,279.7513732910156
2019-01-14,288.4825744628906,285.3358154296875
2019-01-15,288.78558349609375,279.8793029785156
2019-01-16,289.6493835449219,277.51934814453125
2019-01-17,289.3260192871094,277.44744873046875
2019-01-18,288.6712951660156,276.21875
2019-01-19,288.1107177734375,279.4656677246094
2019-01-20,288.4532775878906,277.8877258300781
2019-01-21,289.34747314453125,281.680419921875
2019-01-22,284.8326110839844,278.1772766113281
2019-01-23,284.683349609375,277.107666015625
2019-01-24,281.2779846191406,278.1947326660156
2019-01-25,283.2826843261719,280.92327880859375
2019-01-26,286.68017578125,280.58734130859375
2019-01-27,290.99603271484375,281.4586486816406
2019-01-28,286.0537109375,280.90240478515625
2019-01-29,284.8413391113281,280.6669921875
2019-01-30,285.5161437988281,279.3818664550781
2019-01-31,288.8408203125,277.7161865234375
2019-02-01,294.3747863769531,283.66046142578125
2019-02-02,288.1553039550781,281.4607238769531
2019-02-03,283.16717529296875,279.9904479980469
2019-02-04,283.6475830078125,279.8196716308594
2019-02-05,286.7165222167969,283.0503234863281
2019-02-06,287.443359375,283.0369873046875
2019-02-07,288.4093322753906,281.8775329589844
2019-02-08,288.4580383300781,279.7722473144531
2019-02-09,290.100341796875,279.35223388671875
2019-02-10,294.827880859375,276.5522766113281
2019-02-11,289.2469177246094,282.4219970703125
2019-02-12,287.6435852050781,279.4823913574219
2019-02-13,287.6920166015625,279.3689270019531
2019-02-14,289.0224914550781,278.8930969238281
2019-02-15,289.3725891113281,275.9332275390625
2019-02-16,288.1502380371094,277.5284729003906
2019-02-17,288.9740905761719,274.3913879394531
2019-02-18,290.35699462890625,274.8772888183594
2019-02-19,291.32275390625,275.9931640625
2019-02-20,291.2212829589844,275.2347412109375
2019-02-21,288.89019775390625,277.2032470703125
2019-02-22,287.5650634765625,277.6483154296875
2019-02-23,288.6869812011719,279.8111267089844
2019-02-24,284.01324462890625,279.6187438964844
2019-02-25,285.892333984375,278.7622985839844
2019-02-26,285.4090881347656,279.7601318359375
2019-02-27,287.759765625,276.8870849609375
2019-02-28,288.9117126464844,281.65216064453125
2019-03-01,290.3700866699219,280.4848327636719
2019-03-02,289.5361328125,283.61468505859375
2019-03-03,289.9793701171875,282.39752197265625
2019-03-04,294.5125427246094,278.2239074707031
2019-03-05,295.3484802246094,279.04119873046875
2019-03-06,298.13470458984375,280.13385009765625
2019-03-07,295.6495056152344,283.6072692871094
2019-03-08,292.8045959472656,281.82720947265625
2019-03-09,291.9337158203125,281.2996520996094
2019-03-10,292.9921875,280.2088317871094
2019-03-11,291.31884765625,282.1425476074219
2019-03-12,289.00006103515625,280.28240966796875
2019-03-13,294.2080078125,277.11297607421875
2019-03-14,288.3612976074219,284.4696044921875
2019-03-15,289.0177307128906,285.0931091308594
2019-03-16,292.97552490234375,280.097900390625
2019-03-17,298.12310791015625,277.84088134765625
2019-03-18,291.29852294921875,282.40411376953125
2019-03-19,288.85943603515625,282.4839172363281
2019-03-20,285.9051208496094,281.7669982910156
2019-03-21,285.6317443847656,283.07122802734375
2019-03-22,288.28338623046875,281.0888671875
2019-03-23,290.437744140625,281.331298828125
2019-03-24,292.630615234375,281.1394958496094
2019-03-25,294.2598876953125,279.8070373535156
2019-03-26,291.4401550292969,283.4373779296875
2019-03-27,287.8282775878906,283.0447692871094
2019-03-28,288.1941833496094,281.52130126953125
2019-03-29,290.4180908203125,280.3072814941406
2019-03-30,292.242919921875,278.7987976074219
2019-03-31,293.11492919921875,279.9049072265625
2019-04-01,288.49444580078125,284.2056884765625
2019-04-02,293.18194580078125,280.9179992675781
2019-04-03,295.3192138671875,284.8252258300781
2019-04-04,294.2168884277344,285.9407653808594
2019-04-05,289.8317565917969,281.09912109375
2019-04-06,291.9804382324219,278.8859558105469
2019-04-07,289.35260009765625,277.90509033203125
2019-04-08,290.9130554199219,283.02069091796875
2019-04-09,294.1529235839844,283.4163818359375
2019-04-10,293.01025390625,283.30450439453125
2019-04-11,289.6352844238281,283.9881896972656
2019-04-12,289.279541015625,283.9944152832031
2019-04-13,289.0918884277344,283.34454345703125
2019-04-14,292.7844543457031,281.2459716796875
2019-04-15,291.84442138671875,282.823974609375
2019-04-16,297.0729675292969,282.12628173828125
2019-04-17,295.4510498046875,286.0005187988281
2019-04-18,296.461181640625,285.9483947753906
2019-04-19,294.130126953125,287.851318359375
2019-04-20,291.5102233886719,287.5705261230469
2019-04-21,293.08966064453125,288.0234680175781
2019-04-22,300.9297790527344,285.5180969238281
2019-04-23,298.34130859375,284.24871826171875
2019-04-24,298.44085693359375,284.8342590332031
2019-04-25,300.02325439453125,285.1811828613281
2019-04-26,296.74774169921875,287.5694580078125
2019-04-27,294.0594787597656,284.0712585449219
2019-04-28,294.77239990234375,283.522705078125
2019-04-29,294.1981201171875,282.2024841308594
2019-04-30,293.5621337890625,282.5719909667969
2019-05-01,294.6866455078125,279.92840576171875
2019-05-02,298.6275634765625,281.8272705078125
2019-05-03,294.13262939453125,287.2291259765625
2019-05-04,291.6014099121094,286.5228576660156
2019-05-05,293.28790283203125,284.4084777832031
2019-05-06,291.30560302734375,282.2855224609375
2019-05-07,294.8405456542969,280.5607604980469
2019-05-08,302.94000244140625,281.56402587890625
2019-05-09,299.48724365234375,287.07403564453125
2019-05-10,301.27239990234375,287.59686279296875
2019-05-11,302.6758728027344,288.24798583984375
2019-05-12,294.12017822265625,288.330078125
2019-05-13,290.4044189453125,285.9400329589844
2019-05-14,290.25787353515625,285.3677978515625
2019-05-15,297.173583984375,285.5221862792969
2019-05-16,292.4276428222656,283.4036865234375
2019-05-17,304.75592041015625,283.4302978515625
2019-05-18,295.7391052246094,287.6925354003906
2019-05-19,295.6373291015625,286.49676513671875
2019-05-20,295.2819519042969,284.7348327636719
2019-05-21,299.205322265625,284.1177978515625
2019-05-22,298.3940124511719,287.8384094238281
2019-05-23,299.4815979003906,284.9001159667969
2019-05-24,301.0577697753906,286.5531005859375
2019-05-25,293.8582458496094,289.8918762207031
2019-05-26,290.4697570800781,288.24847412109375
2019-05-27,292.11016845703125,288.04315185546875
2019-05-28,298.2310485839844,287.70269775390625
2019-05-29,295.3281555175781,287.7157897949219
2019-05-30,295.3931884765625,286.54681396484375
2019-05-31,294.86590576171875,286.3161926269531
2019-06-01,296.3424072265625,285.7599792480469
2019-06-02,299.694091796875,285.0530090332031
2019-06-03,302.79644775390625,286.3424987792969
2019-06-04,305.7720031738281,289.027099609375
2019-06-05,308.0228271484375,290.17486572265625
2019-06-06,301.470703125,291.72015380859375
2019-06-07,310.7572326660156,290.83465576171875
2019-06-08,308.5700378417969,293.6944580078125
2019-06-09,312.8326416015625,296.0391540527344
2019-06-10,305.0210266113281,291.5124206542969
2019-06-11,302.4819030761719,290.98541259765625
2019-06-12,300.6224670410156,291.32720947265625
2019-06-13,307.36236572265625,290.5189208984375
2019-06-14,307.45025634765625,293.40362548828125
2019-06-15,304.8875427246094,291.5810546875
2019-06-16,304.2104187011719,291.2053527832031
2019-06-17,301.78887939453125,290.1501770019531
2019-06-18,304.6709289550781,288.6763610839844
2019-06-19,306.8732604980469,290.4175109863281
2019-06-20,309.6513366699219,293.5793151855469
2019-06-21,311.6956481933594,295.5684814453125
2019-06-22,310.35943603515625,294.3851318359375
2019-06-23,310.7685852050781,292.89178466796875
2019-06-24,309.6557922363281,293.5202331542969
2019-06-25,309.293212890625,293.1515197753906
2019-06-26,306.45068359375,292.85308837890625
2019-06-27,306.0086364746094,293.9764404296875
2019-06-28,307.7845458984375,293.51678466796875
2019-06-29,309.009033203125,293.7073974609375
2019-06-30,306.6300048828125,294.3935241699219
2019-07-01,307.1121826171875,293.478271484375
2019-07-02,308.3627014160156,292.2900695800781
2019-07-03,309.8695068359375,294.4897766113281
2019-07-04,312.1813049316406,296.98162841796875
2019-07-05,311.0919189453125,296.9253234863281
2019-07-06,311.86785888671875,296.02008056640625
2019-07-07,312.937744140625,295.9898376464844
2019-07-08,313.56103515625,298.4764099121094
2019-07-09,313.6448059082031,298.7754821777344
2019-07-10,305.11309814453125,295.9176025390625
2019-07-11,307.0272216796875,294.57122802734375
2019-07-12,307.592529296875,292.6670837402344
2019-07-13,311.2015380859375,293.16888427734375
2019-07-14,309.6617126464844,295.4185791015625
2019-07-15,303.8274841308594,296.42657470703125
2019-07-16,300.8910827636719,294.1243591308594
2019-07-17,305.5438232421875,293.0087890625
2019-07-18,305.59857177734375,293.4584045410156
2019-07-19,306.034423828125,292.3983459472656
2019-07-20,309.28387451171875,293.95684814453125
2019-07-21,307.7343444824219,296.4165344238281
2019-07-22,307.08349609375,295.0450134277344
2019-07-23,308.4192810058594,295.02935791015625
2019-07-24,308.9727783203125,294.5531921386719
2019-07-25,309.43377685546875,294.86016845703125
2019-07-26,312.8766784667969,296.29754638671875
2019-07-27,308.1261291503906,297.1041564941406
2019-07-28,306.0780029296875,295.8556213378906
2019-07-29,307.29339599609375,293.96221923828125
2019-07-30,307.6305236816406,293.9278564453125
2019-07-31,309.09185791015625,295.54425048828125
2019-08-01,314.5041198730469,296.62420654296875
2019-08-02,315.5015869140625,299.9949951171875
2019-08-03,309.7168884277344,298.36907958984375
2019-08-04,310.45623779296875,296.4652099609375
2019-08-05,310.86114501953125,296.296142578125
2019-08-06,313.6075439453125,297.9580078125
2019-08-07,315.824951171875,300.94879150390625
2019-08-08,311.31683349609375,298.4015808105469
2019-08-09,310.6005859375,297.05303955078125
2019-08-10,311.5158996582031,296.439453125
2019-08-11,310.54779052734375,297.2948913574219
2019-08-12,311.0203552246094,297.1866760253906
2019-08-13,307.0213928222656,297.3057861328125
2019-08-14,303.3435363769531,295.13397216796875
2019-08-15,303.63482666015625,293.9862976074219
2019-08-16,305.27886962890625,292.9680480957031
2019-08-17,307.18841552734375,293.323974609375
2019-08-18,309.1947937011719,294.89459228515625
2019-08-19,309.15435791015625,296.97296142578125
2019-08-20,308.4061584472656,297.95269775390625
2019-08-21,307.5521545410156,296.9427795410156
2019-08-22,308.5616760253906,295.24700927734375
2019-08-23,304.51556396484375,297.0262451171875
2019-08-24,305.1971130371094,295.75848388671875
2019-08-25,304.3052062988281,296.8081970214844
2019-08-26,306.88348388671875,296.0682067871094
2019-08-27,309.9421691894531,296.7879333496094
2019-08-28,305.8233642578125,295.149658203125
2019-08-29,302.43756103515625,294.9636535644531
2019-08-30,302.64605712890625,295.9334411621094
2019-08-31,298.65924072265625,294.7233581542969
2019-09-01,298.7716064453125,293.7391357421875
2019-09-02,300.2031555175781,293.8457336425781
2019-09-03,302.46881103515625,295.199462890625
2019-09-04,301.4319763183594,294.1295166015625
2019-09-05,302.54278564453125,294.65875244140625
2019-09-06,301.4166564941406,292.7453308105469
2019-09-07,301.2445983886719,291.9035949707031
2019-09-08,302.7310485839844,292.18756103515625
2019-09-09,299.93963623046875,292.27728271484375
2019-09-10,301.43682861328125,292.0659484863281
2019-09-11,301.5716247558594,290.61468505859375
2019-09-12,302.3111877441406,294.6190185546875
2019-09-13,303.40496826171875,295.79217529296875
2019-09-14,303.8914489746094,294.399658203125
2019-09-15,303.6812438964844,295.2960205078125
2019-09-16,306.1883544921875,293.8916015625
2019-09-17,304.9839172363281,295.03955078125
2019-09-18,305.1991882324219,296.4413757324219
2019-09-19,305.87445068359375,294.6349792480469
2019-09-20,302.7045593261719,294.5448913574219
2019-09-21,306.2636413574219,296.1687316894531
2019-09-22,305.546875,295.8918151855469
2019-09-23,302.5667419433594,295.2762451171875
2019-09-24,301.530517578125,292.63812255859375
2019-09-25,303.3130798339844,291.3940734863281
2019-09-26,300.9819641113281,291.2171936035156
2019-09-27,301.52093505859375,290.9886474609375
2019-09-28,302.6585998535156,290.26385498046875
2019-09-29,302.1874694824219,290.664306640625
2019-09-30,302.97314453125,289.68426513671875
2019-10-01,304.00341796875,287.9227294921875
2019-10-02,301.96136474609375,289.35028076171875
2019-10-03,297.62884521484375,292.0701599121094
2019-10-04,298.1927185058594,288.5373840332031
2019-10-05,300.22613525390625,285.96441650390625
2019-10-06,299.3459777832031,288.59295654296875
2019-10-07,294.22918701171875,289.5721740722656
2019-10-08,297.28729248046875,289.2755126953125
2019-10-09,297.1324462890625,287.90087890625
2019-10-10,298.6989440917969,290.9665832519531
2019-10-11,298.9053955078125,288.8048400878906
2019-10-12,301.26043701171875,286.625
2019-10-13,301.9874267578125,288.8351745605469
2019-10-14,302.97955322265625,290.5527038574219
2019-10-15,299.53778076171875,291.8883972167969
2019-10-16,297.772705078125,289.4182434082031
2019-10-17,300.14654541015625,287.15362548828125
2019-10-18,300.5980224609375,287.2279052734375
2019-10-19,304.3544006347656,288.6044921875
2019-10-20,304.0614929199219,291.0448913574219
2019-10-21,301.9478759765625,290.3117370605469
2019-10-22,301.61163330078125,293.0925598144531
2019-10-23,302.38226318359375,294.2882385253906
2019-10-24,294.85772705078125,288.495361328125
2019-10-25,292.03973388671875,286.3799743652344
2019-10-26,295.7872314453125,284.3544006347656
2019-10-27,293.4283447265625,285.17333984375
2019-10-28,295.32330322265625,288.4705810546875
2019-10-29,295.8327331542969,287.8490905761719
2019-10-30,296.0740051269531,287.099365234375
2019-10-31,297.2799987792969,287.35009765625
2019-11-01,292.7269592285156,289.056884765625
2019-11-02,298.0574645996094,286.43792724609375
2019-11-03,299.9136657714844,289.7790832519531
2019-11-04,296.8262939453125,288.93798828125
2019-11-05,300.2031555175781,286.12078857421875
2019-11-06,291.3435363769531,286.21453857421875
2019-11-07,294.0312194824219,283.3428039550781
2019-11-08,294.97491455078125,283.5809326171875
2019-11-09,288.6299743652344,282.7645263671875
2019-11-10,290.0134582519531,283.6142272949219
2019-11-11,287.9718017578125,282.9667663574219
2019-11-12,286.96197509765625,283.2340087890625
2019-11-13,291.4379577636719,284.4737243652344
2019-11-14,292.9563293457031,286.2573547363281
2019-11-15,294.3878173828125,284.6181640625
2019-11-16,292.0871276855469,283.0429992675781
2019-11-17,288.0774841308594,280.7611389160156
2019-11-18,292.18109130859375,278.4341125488281
2019-11-19,288.51959228515625,282.2851257324219
2019-11-20,291.5863342285156,279.4263916015625
2019-11-21,292.7430114746094,280.9477844238281
2019-11-22,293.34246826171875,280.5633544921875
2019-11-23,292.23541259765625,284.3364562988281
2019-11-24,288.7741394042969,283.4544372558594
2019-11-25,289.0391845703125,284.9487609863281
2019-11-26,291.89410400390625,282.1622314453125
2019-11-27,295.0093078613281,280.4842529296875
2019-11-28,293.8422546386719,283.52008056640625
2019-11-29,294.21026611328125,280.73486328125
2019-11-30,292.49798583984375,282.6590881347656
2019-12-01,294.7215270996094,280.2770690917969
2019-12-02,294.0362243652344,284.06292724609375
2019-12-03,291.832763671875,283.93280029296875
2019-12-04,291.07318115234375,282.552978515625
2019-12-05,292.16925048828125,280.5134582519531
2019-12-06,294.12640380859375,280.3382873535156
2019-12-07,292.6143798828125,278.6202392578125
2019-12-08,290.73431396484375,284.33123779296875
2019-12-09,289.5494689941406,284.25482177734375
2019-12-10,284.84991455078125,283.3582458496094
2019-12-11,288.3931579589844,283.487548828125
2019-12-12,288.5828857421875,283.52276611328125
2019-12-13,290.2485656738281,282.7508239746094
2019-12-14,291.78973388671875,285.5996398925781
2019-12-15,292.1610412597656,281.00958251953125
2019-12-16,295.8231506347656,279.20458984375
2019-12-17,290.15618896484375,285.8124694824219
2019-12-18,288.4776916503906,283.3140563964844
2019-12-19,289.2458801269531,280.265380859375
2019-12-20,292.6490478515625,278.5444641113281
2019-12-21,294.2050476074219,286.568359375
2019-12-22,291.8699951171875,288.1039123535156
2019-12-23,290.19390869140625,286.8777770996094
2019-12-24,290.2178955078125,285.52197265625
2019-12-25,292.38970947265625,283.54608154296875
2019-12-26,291.9851989746094,282.99755859375
2019-12-27,290.2434387207031,286.35650634765625
2019-12-28,288.7628173828125,283.62353515625
2019-12-29,285.59149169921875,280.1590576171875
2019-12-30,285.940673828125,280.3519287109375
2019-12-31,285.9878845214844,277.2314758300781
2020-01-01,287.0325927734375,278.1320495605469
2020-01-02,288.4930114746094,276.6734313964844
2020-01-03,287.52911376953125,276.13299560546875
2020-01-04,286.8175354003906,278.1637268066406
2020-01-05,287.8243103027344,282.17437744140625
2020-01-06,288.6260070800781,278.0111083984375
2020-01-07,287.99969482421875,277.7218017578125
2020-01-08,285.0020751953125,282.3842468261719
2020-01-09,287.9636535644531,279.8226318359375
2020-01-10,288.36956787109375,276.96826171875
2020-01-11,287.1808166503906,278.89398193359375
2020-01-12,287.3797607421875,280.5024108886719
2020-01-13,287.10784912109375,278.44158935546875
2020-01-14,287.9122009277344,277.1103210449219
2020-01-15,288.2391357421875,275.5005187988281
2020-01-16,288.2701416015625,275.5210266113281
2020-01-17,287.7951354980469,275.0060119628906
2020-01-18,289.2359619140625,280.06695556640625
2020-01-19,289.8472900390625,276.29034423828125
2020-01-20,290.584228515625,282.93511962890625
2020-01-21,291.335205078125,286.85540771484375
2020-01-22,290.85333251953125,284.3354797363281
2020-01-23,290.76611328125,283.8852844238281
2020-01-24,292.4539489746094,281.2991638183594
2020-01-25,289.8334045410156,277.53179931640625
2020-01-26,290.6957092285156,279.1479797363281
2020-01-27,289.6967468261719,280.12908935546875
2020-01-28,290.6750793457031,278.34918212890625
2020-01-29,291.8824768066406,281.8550720214844
2020-01-30,292.100830078125,282.15753173828125
2020-01-31,291.8592834472656,281.50604248046875
2020-02-01,291.2219543457031,281.7914123535156
2020-02-02,291.7395935058594,285.0841064453125
2020-02-03,294.0202331542969,285.6302795410156
2020-02-04,294.7849426269531,285.34722900390625
2020-02-05,288.1324462890625,281.8105163574219
2020-02-06,286.6244812011719,276.6514892578125
2020-02-07,289.2981872558594,274.84857177734375
2020-02-08,291.2105712890625,273.861572265625
2020-02-09,291.4299011230469,278.0641174316406
2020-02-10,294.4176025390625,278.05206298828125
2020-02-11,295.2062072753906,282.30023193359375
2020-02-12,292.4712219238281,282.1997375488281
2020-02-13,293.29730224609375,278.8341369628906
2020-02-14,290.07342529296875,283.6622619628906
2020-02-15,290.7428894042969,280.6203918457031
2020-02-16,290.1273193359375,278.0660400390625
2020-02-17,291.6709289550781,276.1153564453125
2020-02-18,289.0939636230469,278.049560546875
2020-02-19,288.2828674316406,283.2196960449219
2020-02-20,289.53607177734375,278.6702575683594
2020-02-21,290.00640869140625,277.16387939453125
2020-02-22,289.3416442871094,279.93096923828125
2020-02-23,291.6827392578125,278.3739013671875
2020-02-24,292.8185729980469,278.90423583984375
2020-02-25,295.6615295410156,277.02935791015625
2020-02-26,291.7868347167969,281.6999206542969
2020-02-27,290.0721130371094,280.9268493652344
2020-02-28,293.3323974609375,280.8133544921875
2020-02-29,297.3316345214844,279.5414123535156
2020-03-01,296.8217468261719,279.8259582519531
2020-03-02,298.078857421875,282.1141052246094
2020-03-03,287.9849853515625,283.6217956542969
2020-03-04,288.1855163574219,283.56610107421875
2020-03-05,294.4546813964844,282.32318115234375
2020-03-06,292.3486022949219,283.75469970703125
2020-03-07,285.2356262207031,281.31988525390625
2020-03-08,287.9046936035156,281.2301025390625
2020-03-09,289.1705627441406,279.8945617675781
2020-03-10,288.2721252441406,282.048583984375
2020-03-11,288.3343200683594,281.8595886230469
2020-03-12,295.1032409667969,278.866943359375
2020-03-13,298.63006591796875,281.41448974609375
2020-03-14,291.7857360839844,282.46728515625
2020-03-15,292.7767028808594,282.8472595214844
2020-03-16,292.5515441894531,281.96551513671875
2020-03-17,292.7909851074219,285.6499328613281
2020-03-18,289.6262512207031,284.9757080078125
2020-03-19,290.859375,283.7437438964844
2020-03-20,293.9808654785156,282.9342956542969
2020-03-21,287.3513488769531,285.79803466796875
2020-03-22,289.99078369140625,283.7320251464844
2020-03-23,291.3451843261719,280.805419921875
2020-03-24,286.7857360839844,281.6111755371094
2020-03-25,284.0733642578125,279.7398986816406
2020-03-26,286.0260009765625,278.7084045410156
2020-03-27,287.093505859375,279.498779296875
2020-03-28,290.7762756347656,278.9427185058594
2020-03-29,286.68707275390625,279.53021240234375
2020-03-30,290.0709533691406,280.57171630859375
2020-03-31,295.0288391113281,278.6300964355469
2020-04-01,290.275390625,283.3326416015625
2020-04-02,290.0726318359375,282.1103515625
2020-04-03,287.87542724609375,283.5099792480469
2020-04-04,290.13311767578125,281.0571594238281
2020-04-05,291.7313232421875,279.75360107421875
2020-04-06,292.78656005859375,278.6316833496094
2020-04-07,293.07171630859375,278.6225891113281
2020-04-08,292.8564147949219,280.4566955566406
2020-04-09,293.6810607910156,280.88153076171875
2020-04-10,294.5654602050781,282.0919189453125
2020-04-11,294.8584899902344,283.28411865234375
2020-04-12,295.98516845703125,282.8047180175781
2020-04-13,297.2816467285156,285.7304992675781
2020-04-14,294.8841552734375,287.0224304199219
2020-04-15,294.54083251953125,287.03411865234375
2020-04-16,299.0103759765625,284.4752502441406
2020-04-17,302.824462890625,287.37640380859375
2020-04-18,299.67156982421875,289.3362121582031
2020-04-19,299.61834716796875,288.9017028808594
2020-04-20,294.9894104003906,289.8150939941406
2020-04-21,295.3641662597656,287.2513427734375
2020-04-22,292.2819519042969,286.16131591796875
2020-04-23,293.21881103515625,285.4903564453125
2020-04-24,294.365478515625,285.1601257324219
2020-04-25,298.9637451171875,284.86669921875
2020-04-26,294.52398681640625,288.43280029296875
2020-04-27,296.7624816894531,288.1036071777344
2020-04-28,297.8399353027344,287.3929138183594
2020-04-29,294.8135070800781,285.8960266113281
2020-04-30,296.79693603515625,285.7160339355469
2020-05-01,297.71636962890625,285.6961975097656
2020-05-02,299.239013671875,287.39697265625
2020-05-03,298.3698425292969,287.9058532714844
2020-05-04,299.75897216796875,286.55474853515625
2020-05-05,306.0172119140625,286.52191162109375
2020-05-06,301.6977844238281,290.1852722167969
2020-05-07,297.8038330078125,288.3795166015625
2020-05-08,300.97015380859375,287.8818054199219
2020-05-09,301.0472412109375,289.5537109375
2020-05-10,302.3209228515625,290.2971496582031
2020-05-11,299.08740234375,288.2266845703125
2020-05-12,305.23980712890625,286.7386169433594
2020-05-13,299.7330017089844,293.0397644042969
2020-05-14,311.0670471191406,290.3524169921875
2020-05-15,296.47540283203125,289.2495422363281
2020-05-16,300.6943664550781,290.4001159667969
2020-05-17,296.0872802734375,290.537841796875
2020-05-18,294.1313171386719,289.1243896484375
2020-05-19,295.7256774902344,288.7381591796875
2020-05-20,299.0233154296875,290.25732421875
2020-05-21,298.6117248535156,289.6031799316406
2020-05-22,301.011962890625,287.2829284667969
2020-05-23,301.99127197265625,286.73455810546875
2020-05-24,305.53350830078125,287.2615661621094
2020-05-25,301.62396240234375,288.1050109863281
2020-05-26,300.2855224609375,286.5947265625
2020-05-27,299.8030700683594,287.7572937011719
2020-05-28,299.138427734375,287.5312805175781
2020-05-29,302.0097351074219,287.65521240234375
2020-05-30,300.00543212890625,288.7923889160156
2020-05-31,300.0318908691406,288.20697021484375
2020-06-01,300.7298278808594,288.3152160644531
2020-06-02,300.8385925292969,286.2065124511719
2020-06-03,302.751953125,288.8043518066406
2020-06-04,308.5723876953125,292.0829772949219
2020-06-05,298.1561584472656,291.588623046875
2020-06-06,302.09320068359375,290.5606994628906
2020-06-07,307.6465148925781,290.59979248046875
2020-06-08,301.77728271484375,291.52642822265625
2020-06-09,299.15826416015625,289.9001770019531
2020-06-10,300.6939392089844,287.64459228515625
2020-06-11,303.591796875,287.2187805175781
2020-06-12,307.4881286621094,292.79766845703125
2020-06-13,303.45733642578125,293.55224609375
2020-06-14,300.6470947265625,292.2681884765625
2020-06-15,301.3058166503906,290.79071044921875
2020-06-16,303.7071838378906,289.4169006347656
2020-06-17,303.7314147949219,290.7282409667969
2020-06-18,306.8309020996094,292.1205139160156
2020-06-19,307.1582946777344,293.87152099609375
2020-06-20,301.17596435546875,292.5447998046875
2020-06-21,301.89471435546875,291.14288330078125
2020-06-22,300.9903869628906,292.6005554199219
2020-06-23,304.3658447265625,291.69091796875
2020-06-24,307.2408752441406,293.4798583984375
2020-06-25,310.6502685546875,294.0658264160156
2020-06-26,309.8951416015625,296.7672119140625
2020-06-27,306.89556884765625,296.1015319824219
2020-06-28,305.46795654296875,293.501220703125
2020-06-29,306.70123291015625,291.729248046875
2020-06-30,308.40576171875,291.56982421875
2020-07-01,313.65997314453125,294.2280578613281
2020-07-02,308.9063415527344,296.3215026855469
2020-07-03,307.1845397949219,292.951416015625
2020-07-04,301.9302978515625,294.96661376953125
2020-07-05,301.9765930175781,294.314208984375
2020-07-06,302.20355224609375,293.59075927734375
2020-07-07,302.89019775390625,294.3934020996094
2020-07-08,302.8169250488281,293.33685302734375
2020-07-09,304.6629638671875,291.3639221191406
